tarih,kat,en_yuksek_%,barem,stop,hisse
2026-05-22,18.299137836952966,17.0,+5%+,False,ADGYO
2026-05-22,23.640641711229947,6.33,+5%+,False,AGESA
2026-05-22,42.154283308777096,12.0,+5%+,False,AGYO
2026-06-02,9.935461025978796,4.75,+4%,False,AKENR
2026-06-03,24.503034901365705,0.17,stop/<1%,True,AKMGY
2026-06-02,12.739151873767259,0.08,stop/<1%,True,ARASE
2026-06-02,8.147369803638274,5.25,+5%+,False,ARENA
2026-06-04,30.91521278925469,4.52,+4%,True,ARTMS
2025-03-25,8.324569091440257,0.0,stop/<1%,False,ATEKS
2025-03-26,8.910365095512603,0.0,stop/<1%,False,ATEKS
2025-04-09,8.051390268123138,0.0,stop/<1%,False,ATEKS
2025-07-02,9.22009253139458,0.71,stop/<1%,False,ATEKS
2025-08-05,10.443414956982132,3.04,+3%,False,ATEKS
2025-10-24,18.72877122877123,8.57,+5%+,False,ATEKS
2025-12-17,25.6110408765276,0.0,stop/<1%,False,ATEKS
2024-07-24,22.688772160210114,0.0,stop/<1%,False,ATSYH
2024-10-09,9.422313350257111,14.58,+5%+,False,ATSYH
2024-12-31,11.823022557846837,0.0,stop/<1%,False,ATSYH
2025-02-03,8.5625,0.0,stop/<1%,True,ATSYH
2025-02-11,8.401725512941347,5.3,+5%+,False,ATSYH
2025-04-04,10.90035467791411,0.0,stop/<1%,False,ATSYH
2026-06-05,227.04248704663212,1.57,+1%,True,AVGYO
2026-06-05,17.028252053300616,5.21,+5%+,True,AVHOL
2026-06-04,37.7,0.0,stop/<1%,True,AYCES
2024-01-26,11.153211387705904,0.0,stop/<1%,True,AYES
2024-05-06,9.11007087005409,0.0,stop/<1%,False,AYES
2024-05-07,11.668909187386477,0.0,stop/<1%,True,AYES
2025-05-14,9.07392996108939,0.0,stop/<1%,False,AYES
2025-06-02,17.34700236819134,0.0,stop/<1%,False,AYES
2025-06-03,9.443098891562448,0.0,stop/<1%,False,AYES
2025-07-22,23.16788956597425,0.94,stop/<1%,False,AYES
2025-11-26,9.54195998517949,8.07,+5%+,False,AYES
2026-02-05,10.241457325635778,16.47,+5%+,False,AYES
2026-05-05,10.10306067975555,0.99,stop/<1%,False,AYES
2026-05-15,9.285782625334813,0.0,stop/<1%,False,AYES
2026-06-03,13.29328404189772,10.36,+5%+,False,BAHKM
2026-05-21,24.498922413793103,0.0,stop/<1%,True,BAKAB
2023-12-20,9.444604685446912,7.07,+5%+,False,BALAT
2025-09-15,14.82896379525593,0.0,stop/<1%,False,BALAT
2026-06-03,29.40696824236259,2.57,+2%,False,BARMA
2026-06-05,24.662722209543418,4.15,+4%,False,BARMA
2024-10-11,8.885056668354784,3.36,+3%,False,BASCM
2025-06-16,21.956378238626986,12.23,+5%+,False,BASCM
2025-10-08,12.865735942612124,2.71,+2%,False,BASCM
2026-05-25,12.450943167588965,2.56,+2%,True,BAYRK
2026-05-26,8.402462542649458,7.88,+5%+,True,BESTE
2026-06-03,12.532164683177871,2.18,+2%,True,BINBN
2026-05-26,14.022865083375441,1.4,+1%,False,BIZIM
2026-06-03,10.585299975672207,2.73,+2%,True,BJKAS
2026-06-01,23.950587955814232,5.48,+5%+,False,BLCYT
2026-06-03,69.30699688962531,0.0,stop/<1%,True,BLCYT
2026-05-25,8.805286976422861,2.31,+2%,True,BORSK
2025-09-19,15.472763686046218,0.0,stop/<1%,True,BRKO
2023-10-11,11.20463814712291,0.0,stop/<1%,True,BRMEN
2023-11-28,27.953961787953343,0.0,stop/<1%,False,BRMEN
2024-01-31,13.352037853164626,0.0,stop/<1%,True,BRMEN
2024-02-19,8.819585797815622,5.25,+5%+,False,BRMEN
2024-03-13,13.000296203420035,0.0,stop/<1%,True,BRMEN
2024-07-03,11.194637617540483,0.0,stop/<1%,True,BRMEN
2024-07-23,8.83585242304324,0.0,stop/<1%,True,BRMEN
2024-09-19,16.193063100709654,2.52,+2%,False,BRMEN
2024-10-22,30.104890372642505,0.0,stop/<1%,False,BRMEN
2024-11-07,45.10903575380557,0.0,stop/<1%,False,BRMEN
2024-12-25,10.769401133946651,9.62,+5%+,False,BRMEN
2025-03-12,12.208658790281048,5.08,+5%+,False,BRMEN
2025-07-23,10.28082546691601,0.0,stop/<1%,True,BRMEN
2025-12-11,18.966139328336432,2.65,+2%,False,BRMEN
2025-12-22,10.256110908428042,0.0,stop/<1%,False,BRMEN
2026-04-17,8.13657017493406,0.0,stop/<1%,False,BRMEN
2026-06-03,9.495344992604194,5.03,+5%+,False,BYDNR
2023-09-26,29.7121905062293,0.0,stop/<1%,True,CASA
2024-11-25,10.942902301689223,0.0,stop/<1%,False,CASA
2024-11-26,11.63533091866974,0.0,stop/<1%,True,CASA
2025-05-05,12.965971459934138,0.0,stop/<1%,False,CASA
2026-03-02,12.273211567732115,2.05,+2%,False,CASA
2026-04-02,11.985623379684185,4.49,+4%,False,CASA
2026-06-03,13.160763344160387,6.16,+5%+,True,CGCAM
2026-06-05,70.93023255813954,2.63,+2%,False,CMBTN
2023-08-08,9.275878075197276,0.56,stop/<1%,False,CMENT
2026-05-22,13.871173469387754,2.66,+2%,False,CUSAN
2026-06-04,44.60614291684079,1.32,+1%,True,CUSAN
2026-06-02,37.15592656481025,3.76,+3%,True,DERHL
2023-12-01,14.651336299928055,0.0,stop/<1%,False,DIRIT
2024-01-22,8.916015838638401,0.0,stop/<1%,False,DIRIT
2024-10-10,11.094260997995569,0.0,stop/<1%,True,DIRIT
2024-11-04,15.654607122668175,15.72,+5%+,False,DIRIT
2025-05-15,10.26264967168791,0.0,stop/<1%,False,DIRIT
2025-12-05,9.244621298981587,4.44,+4%,False,DIRIT
2026-02-13,8.76212087394291,4.11,+4%,False,DIRIT
2026-05-25,20.998633486766398,5.4,+5%+,False,DURDO
2026-06-05,9.33676429526395,0.79,stop/<1%,False,EFOR
2026-05-22,8.207070707070708,5.29,+5%+,False,EGEEN
2026-05-18,20.018075508471913,1.05,+1%,False,EGEPO
2023-06-02,15.167876588021779,1.59,+1%,False,EKIZ
2023-06-06,8.178258904065355,0.36,stop/<1%,False,EKIZ
2023-07-13,8.15824125927047,0.0,stop/<1%,False,EKIZ
2024-01-10,8.20631067961165,0.0,stop/<1%,False,EKIZ
2024-03-21,9.955937713894594,0.0,stop/<1%,False,EKIZ
2025-08-11,12.255257929711584,9.88,+5%+,False,EKIZ
2026-04-10,13.26259946949602,4.23,+4%,False,EKIZ
2026-06-05,43.444558285174864,0.0,stop/<1%,True,EMKEL
2023-03-29,14.14047842401501,0.23,stop/<1%,False,EMNIS
2023-06-20,9.322904131568391,0.0,stop/<1%,False,EMNIS
2023-06-21,8.624080020459777,0.0,stop/<1%,True,EMNIS
2023-08-28,10.671179362834243,0.0,stop/<1%,False,EMNIS
2024-08-28,9.157094594594595,6.17,+5%+,False,EMNIS
2024-09-16,8.09476801579467,6.67,+5%+,False,EMNIS
2025-05-05,8.696556942867952,0.0,stop/<1%,True,EMNIS
2025-06-04,21.811023622047244,0.0,stop/<1%,False,EMNIS
2025-06-05,11.468962976607111,0.0,stop/<1%,False,EMNIS
2026-06-04,43.98577395609071,2.02,+2%,True,ENSRI
2026-06-02,20.917176209005003,0.0,stop/<1%,True,ERBOS
2026-06-01,13.93280632411067,2.75,+2%,False,ERSU
2026-05-26,15.09115149036946,3.2,+3%,False,ETILR
2026-05-13,11.838278712725126,2.5,+2%,False,ETYAT
2024-10-11,26.013918374635423,13.24,+5%+,False,EUHOL
2025-03-05,9.27871745154213,0.0,stop/<1%,False,EUHOL
2025-04-30,13.697893302647234,5.87,+5%+,False,EUHOL
2025-10-07,11.380621188314928,12.62,+5%+,False,EUHOL
2026-04-17,14.549245987038626,0.74,stop/<1%,False,EUHOL
2026-06-01,8.423522659952607,0.07,stop/<1%,True,FLAP
2023-04-14,20.528867342441604,2.67,+2%,False,GATEG
2023-04-27,24.06232725262576,0.0,stop/<1%,True,GATEG
2023-09-12,8.700554528650647,7.0,+5%+,False,GATEG
2024-02-22,9.181080804462413,0.0,stop/<1%,False,GATEG
2025-04-21,8.037904000357374,0.0,stop/<1%,False,GATEG
2025-08-12,8.779069767441861,0.0,stop/<1%,False,GATEG
2025-10-07,22.47049989272688,0.0,stop/<1%,False,GATEG
2025-11-25,8.9126559714795,14.9,+5%+,False,GATEG
2025-12-11,10.066549656281994,0.0,stop/<1%,False,GATEG
2026-01-21,13.776254698209152,0.0,stop/<1%,True,GATEG
2026-01-30,57.81893004115226,0.0,stop/<1%,True,GATEG
2026-05-05,15.597892486255347,0.0,stop/<1%,False,GATEG
2026-06-05,38.466089199539525,5.18,+5%+,True,GENKM
2026-05-08,8.80252748381794,3.08,+3%,False,GLBMD
2026-05-21,42.72444647732308,0.0,stop/<1%,True,GMTAS
2026-05-08,8.49899218946838,12.89,+5%+,False,GRNYO
2026-05-20,8.45059826610303,2.81,+2%,True,GRNYO
2026-06-05,10.198795180722891,5.22,+5%+,False,GSDHO
2026-05-26,12.058823529411766,2.79,+2%,True,GZNMI
2026-05-26,12.181680449466574,0.0,stop/<1%,False,HRKET
2026-06-01,12.57202988435897,5.2,+5%+,False,IDGYO
2026-06-01,8.077706141839158,7.13,+5%+,False,IHAAS
2026-06-03,22.638321110937746,0.26,stop/<1%,True,IHAAS
2023-09-12,15.611545988258316,0.0,stop/<1%,True,INTEK
2025-11-06,8.203098495985525,8.58,+5%+,False,INTEK
2026-05-22,32.34405458089669,3.73,+3%,False,INVES
2023-04-03,55.386745111611006,0.0,stop/<1%,False,ISBIR
2023-05-10,9.259749638902264,5.5,+5%+,False,ISBIR
2024-09-18,15.301255230125523,0.59,stop/<1%,False,ISBIR
2025-07-18,31.680612000956252,3.09,+3%,False,ISBIR
2025-08-11,10.868838405486498,0.0,stop/<1%,False,ISBIR
2025-11-21,10.419210419210419,2.11,+2%,False,ISBIR
2026-06-02,19.277745878106803,1.06,+1%,False,KARTN
2026-06-03,8.99149051582391,4.91,+4%,False,KARTN
2023-02-28,10.127136306794075,0.1,stop/<1%,False,KENT
2024-12-13,8.414021466090178,0.0,stop/<1%,True,KENT
2025-08-18,8.243095930244582,0.0,stop/<1%,False,KENT
2025-11-18,11.051236749032057,0.0,stop/<1%,True,KENT
2026-01-29,15.691489361698814,6.33,+5%+,False,KENT
2026-01-30,10.925426774510283,0.0,stop/<1%,True,KENT
2023-06-12,11.86880127341741,0.0,stop/<1%,False,KERVN
2023-07-13,14.991330835707437,0.0,stop/<1%,False,KERVN
2023-11-15,9.683593213655776,0.0,stop/<1%,True,KERVN
2024-06-13,9.547212088133062,9.62,+5%+,False,KERVN
2025-03-12,8.529729323227494,0.0,stop/<1%,False,KERVN
2025-03-13,8.009232229248115,0.0,stop/<1%,False,KERVN
2025-08-05,10.139742147616165,3.49,+3%,False,KERVN
2026-05-11,24.514948183511876,0.0,stop/<1%,False,KERVN
2023-08-18,12.17454970043833,4.86,+4%,False,KLNMA
2024-08-28,15.887630567941008,0.0,stop/<1%,False,KLNMA
2026-06-02,33.088078666435486,0.32,stop/<1%,True,KLSER
2026-06-03,29.917309222201826,6.98,+5%+,False,KNFRT
2026-05-22,46.211340585306296,15.71,+5%+,False,KOPOL
2026-05-26,8.424116475975037,7.8,+5%+,False,KRDMB
2026-05-25,12.086305928970534,4.18,+4%,False,KRVGD
2023-03-23,12.27106227106227,0.0,stop/<1%,True,KSTUR
2023-04-07,14.078498293515358,0.11,stop/<1%,True,KSTUR
2023-07-10,10.267326732673267,0.18,stop/<1%,False,KSTUR
2023-07-11,18.01355206847361,0.0,stop/<1%,False,KSTUR
2023-08-04,8.739018087855298,0.0,stop/<1%,True,KSTUR
2023-08-18,9.471101417666302,0.0,stop/<1%,True,KSTUR
2023-09-04,16.252495009980038,0.0,stop/<1%,False,KSTUR
2024-07-10,10.234375,4.37,+4%,False,KSTUR
2024-11-19,8.642322097378278,0.0,stop/<1%,False,KSTUR
2026-05-26,8.852539280880363,1.53,+1%,True,LINK
2026-06-04,71.62132752992383,0.08,stop/<1%,True,LUKSK
2026-05-12,19.28571428571429,0.91,stop/<1%,False,LYDYE
2026-05-20,9.326923076923077,0.0,stop/<1%,False,LYDYE
2026-06-04,83.71144409393621,0.77,stop/<1%,True,MAKIM
2026-06-03,12.09770471753434,5.24,+5%+,False,MARMR
2026-06-02,9.370875776795438,0.0,stop/<1%,True,MARTI
2024-08-27,37.66978276183767,11.04,+5%+,False,MEGAP
2024-11-12,9.39045656952364,4.17,+4%,False,MEGAP
2025-02-20,8.54541320706044,15.04,+5%+,False,MEGAP
2025-03-03,11.147761730476205,0.0,stop/<1%,False,MEGAP
2025-03-04,10.429802488482775,1.01,+1%,False,MEGAP
2025-06-16,12.996356893827612,22.03,+5%+,False,MEGAP
2026-06-02,8.252111099806696,4.24,+4%,False,MEPET
2026-06-02,9.289201590318065,2.56,+2%,True,MHRGY
2023-03-16,8.616740872662511,19.62,+5%+,False,MMCAS
2023-11-15,13.540541891621675,15.58,+5%+,False,MMCAS
2024-01-05,13.711853517507228,0.0,stop/<1%,True,MMCAS
2024-03-05,20.65668354987888,0.0,stop/<1%,False,MMCAS
2024-04-29,8.681135513438152,0.0,stop/<1%,False,MMCAS
2024-11-18,17.63254113345521,7.86,+5%+,False,MMCAS
2024-12-24,24.532568708071846,1.01,+1%,False,MMCAS
2025-07-07,8.963330352061142,0.0,stop/<1%,False,MMCAS
2025-07-08,8.02855950393513,0.0,stop/<1%,False,MMCAS
2025-08-01,25.555826294130387,7.69,+5%+,False,MMCAS
2025-08-11,8.777252474405632,2.35,+2%,False,MMCAS
2025-11-14,44.80331541218638,14.56,+5%+,False,MMCAS
2025-12-02,24.843476229412452,0.0,stop/<1%,True,MMCAS
2026-06-03,13.663560018938922,0.15,stop/<1%,True,MSGYO
2026-05-04,14.701850582590817,0.0,stop/<1%,True,MTRYO
2026-06-01,21.787661766553587,1.92,+1%,True,NUGYO
2023-05-23,9.425235743152223,6.47,+5%+,False,ORMA
2023-10-26,8.511631683650684,4.33,+4%,False,ORMA
2024-09-12,9.220493987182257,10.51,+5%+,False,ORMA
2025-11-25,8.605442176870747,4.52,+4%,False,ORMA
2026-05-21,8.792653691734857,0.0,stop/<1%,True,OZGYO
2026-06-02,12.495092024539877,0.75,stop/<1%,True,PAMEL
2026-06-01,8.99332586865098,4.51,+4%,False,PATEK
2026-05-25,13.522349197164763,4.33,+4%,True,PKART
2026-05-06,8.160463004993192,0.0,stop/<1%,False,PRZMA
2026-05-22,12.213785046728972,2.2,+2%,True,PSDTC
2023-04-18,19.148191365237462,0.0,stop/<1%,True,QNBFK
2023-07-10,13.373266078180785,10.66,+5%+,False,QNBFK
2023-07-31,15.645245559039326,0.0,stop/<1%,False,QNBFK
2024-02-29,23.58530661809239,0.0,stop/<1%,False,QNBFK
2024-08-26,8.468921095007152,0.0,stop/<1%,False,QNBFK
2024-12-06,9.50393511054259,0.15,stop/<1%,False,QNBFK
2025-07-21,21.901600272386816,0.0,stop/<1%,False,QNBFK
2026-01-12,10.25664065924372,0.0,stop/<1%,True,QNBFK
2026-02-17,8.40453618144505,6.44,+5%+,False,QNBFK
2026-04-07,12.096184311135428,0.0,stop/<1%,True,QNBFK
2023-06-19,10.199254024351088,0.0,stop/<1%,False,QNBTR
2025-03-18,8.746392149328042,0.0,stop/<1%,False,QNBTR
2025-07-21,12.150723524132847,0.0,stop/<1%,False,QNBTR
2026-01-09,8.417582417586017,0.72,stop/<1%,False,QNBTR
2026-04-06,14.850667231518745,0.0,stop/<1%,False,QNBTR
2026-04-07,19.51216725694048,0.0,stop/<1%,True,QNBTR
2026-05-20,14.854488869883353,0.0,stop/<1%,True,RODRG
2026-05-22,9.152323580034423,14.45,+5%+,False,SANEL
2026-05-22,13.7203125,6.06,+5%+,False,SANKO
2026-06-04,10.983066129441267,5.93,+5%+,False,SAYAS
2026-05-22,11.005101381893324,12.81,+5%+,False,SEKFK
2023-05-18,14.260731319555715,6.84,+5%+,False,SNPAM
2023-06-08,14.082326283981102,0.0,stop/<1%,False,SNPAM
2023-07-13,30.551024788062445,0.0,stop/<1%,False,SNPAM
2024-05-06,8.695291082083596,0.0,stop/<1%,False,SNPAM
2025-02-03,9.643126603289707,0.0,stop/<1%,False,SNPAM
2025-08-19,13.501608291636884,15.29,+5%+,False,SNPAM
2023-06-08,21.010967379077616,0.0,stop/<1%,False,SODSN
2023-11-23,11.41265427396008,0.0,stop/<1%,True,SODSN
2024-02-20,22.789480322906158,0.0,stop/<1%,False,SODSN
2024-09-27,10.383107088989442,0.0,stop/<1%,True,SODSN
2025-04-30,15.307119929967902,0.0,stop/<1%,False,SODSN
2025-06-23,15.962962962962964,7.68,+5%+,False,SODSN
2025-07-16,10.489123091474125,0.0,stop/<1%,False,SODSN
2026-01-16,11.047723071752646,0.0,stop/<1%,False,SODSN
2023-03-17,39.62749213011543,0.0,stop/<1%,False,SUMAS
2023-10-23,14.611021069692057,0.0,stop/<1%,False,SUMAS
2024-09-12,9.944408109875736,11.08,+5%+,False,SUMAS
2025-02-25,24.984962406015036,0.0,stop/<1%,True,SUMAS
2025-06-05,12.53763440860215,0.08,stop/<1%,False,SUMAS
2025-08-29,10.569196428571429,0.0,stop/<1%,False,SUMAS
2025-12-03,11.30676084762866,3.47,+3%,False,SUMAS
2026-04-30,9.799492385786802,0.0,stop/<1%,True,SUMAS
2026-05-25,12.824897400820795,6.08,+5%+,False,TARKM
2026-06-01,8.494164753775639,0.0,stop/<1%,True,TERA
2026-05-22,12.374583578287282,4.79,+4%,False,TRCAS
2026-06-04,16.479465081128694,7.61,+5%+,True,TUREX
2026-05-20,32.7751756440281,0.0,stop/<1%,True,UFUK
2026-06-05,8.516949152542372,1.72,+1%,False,UFUK
2026-06-05,18.91201276961265,5.0,+5%+,False,ULUFA
2026-06-02,10.355438089315427,6.26,+5%+,False,VBTYZ
2026-05-21,55.28392857142857,0.09,stop/<1%,True,VERTU
2026-05-18,11.760992005813954,0.95,stop/<1%,False,VKFYO
2026-06-03,11.372169329245335,4.25,+4%,True,VSNMD
2022-08-02,14.565217391301955,0.0,stop/<1%,True,YBTAS
2022-08-18,14.444444444437867,7.81,+5%+,False,YBTAS
2022-09-05,23.461538461543483,4.76,+4%,False,YBTAS
2022-11-07,10.00000000000999,2.57,+2%,False,YBTAS
2023-03-08,8.12499999999818,4.17,+4%,False,YBTAS
2023-11-07,9.545454545449179,0.0,stop/<1%,False,YBTAS
2024-03-28,9.090909090909918,0.16,stop/<1%,False,YBTAS
2025-03-25,12.000000000000082,0.0,stop/<1%,True,YBTAS
2025-05-29,9.615384615382547,0.0,stop/<1%,True,YBTAS
2025-09-08,20.681797500001903,0.0,stop/<1%,True,YBTAS
2026-03-11,10.18198236806661,6.59,+5%+,False,YBTAS
2026-03-12,11.095301728065113,0.87,stop/<1%,False,YBTAS
2026-06-05,9.720301397300776,7.3,+5%+,False,YBTAS
2023-12-05,9.179915566334321,0.0,stop/<1%,False,YONGA
2024-04-26,16.866729125190304,0.48,stop/<1%,False,YONGA
2024-11-15,9.035248041775457,0.0,stop/<1%,False,YONGA
2025-07-23,8.528111181301327,0.0,stop/<1%,True,YONGA
2025-08-25,15.910876641598383,0.0,stop/<1%,False,YONGA
2026-06-05,14.789418858136262,9.03,+5%+,False,ZERGY
