tarih,hisse,tip,grup,kat,pos52,acilis,gun_yuksek_%,en_yuksek_%,barem,stop,bar_sayisi
2026-05-25,ACSEL,kontrol,taze_kirilim,0.61,0.929,164.0,6.52,6.52,+5%+,False,480
2026-06-01,ACSEL,kontrol,taze_kirilim,0.29,0.851,162.5,8.43,8.43,+5%+,False,437
2026-05-22,ADEL,kontrol,dip,0.37,0.142,31.54,5.58,0.0,stop/<1%,True,484
2026-05-25,ADEL,kontrol,dip,0.26,0.188,33.14,2.72,2.72,+2%,False,479
2026-06-02,ADEL,kontrol,dip,0.15,0.183,32.94,0.73,0.73,stop/<1%,False,480
2026-06-03,ADEL,kontrol,dip,0.21,0.185,33.04,0.06,0.06,stop/<1%,True,478
2026-06-04,ADEL,kontrol,dip,0.1,0.162,32.24,1.49,1.49,+1%,False,470
2026-06-05,ADEL,kontrol,dip,0.15,0.166,32.38,0.12,0.12,stop/<1%,True,474
2026-05-18,ADESE,kontrol,dip,0.44,0.142,1.08,0.93,0.93,stop/<1%,True,483
2026-05-20,ADESE,kontrol,dip,0.52,0.132,1.04,0.96,0.96,stop/<1%,False,484
2026-05-21,ADESE,kontrol,dip,1.32,0.127,1.02,0.98,0.98,stop/<1%,True,457
2026-05-22,ADESE,kontrol,dip,0.46,0.102,0.95,6.32,6.32,+5%+,False,484
2026-05-25,ADESE,kontrol,dip,0.17,0.113,1.0,2.0,2.0,+2%,False,484
2026-06-01,ADESE,kontrol,dip,0.5,0.096,1.05,1.9,1.9,+1%,False,484
2026-06-02,ADESE,kontrol,dip,0.19,0.077,1.04,1.92,1.92,+1%,False,484
2026-06-03,ADESE,kontrol,dip,0.36,0.074,1.05,0.95,0.95,stop/<1%,True,484
2026-06-04,ADESE,kontrol,dip,0.12,0.062,1.02,0.98,0.98,stop/<1%,False,484
2026-06-05,ADESE,kontrol,dip,1.67,0.043,1.02,0.98,0.98,stop/<1%,False,484
2026-05-20,AFYON,kontrol,dip,0.6,0.191,12.95,0.15,0.15,stop/<1%,False,443
2026-05-22,AFYON,kontrol,dip,1.06,0.076,12.2,3.2,3.2,+3%,False,449
2026-06-01,AFYON,kontrol,dip,0.43,0.16,12.75,4.24,4.24,+4%,False,426
2026-06-01,AKCNS,kontrol,taze_kirilim,1.02,0.989,227.5,0.92,0.92,stop/<1%,True,453
2026-06-05,AKENR,kontrol,taze_kirilim,0.34,0.952,14.7,5.24,0.68,stop/<1%,True,474
2026-05-20,AKFIS,kontrol,taze_kirilim,2.75,0.995,66.9,1.72,1.72,+1%,True,466
2026-06-01,AKFIS,kontrol,taze_kirilim,0.18,0.958,66.05,3.86,3.86,+3%,True,480
2026-06-04,AKFIS,kontrol,taze_kirilim,0.05,0.964,66.85,2.77,2.77,+2%,False,465
2026-05-14,ALCAR,sinyal,dip,32.94,0.183,771.5,1.88,1.88,+1%,False,288
2026-06-03,ALCTL,kontrol,taze_kirilim,2.97,0.96,152.6,3.54,3.54,+3%,True,474
2026-05-18,ALGYO,kontrol,taze_kirilim,0.65,0.974,8.05,3.73,0.99,stop/<1%,True,483
2026-05-25,ALVES,kontrol,dip,0.4,0.153,2.71,1.11,1.11,+1%,False,484
2026-06-01,ALVES,kontrol,dip,0.14,0.132,2.66,6.39,6.39,+5%+,False,484
2026-06-02,ALVES,kontrol,dip,0.15,0.183,2.78,8.99,8.99,+5%+,False,483
2026-06-05,ALVES,kontrol,dip,0.07,0.179,2.77,0.72,0.72,stop/<1%,False,484
2026-05-15,ANELE,kontrol,taze_kirilim,0.19,0.933,64.35,9.95,9.95,+5%+,False,480
2026-05-25,ANELE,kontrol,taze_kirilim,0.26,0.967,82.8,7.13,7.13,+5%+,False,476
2026-06-01,ANELE,kontrol,taze_kirilim,0.43,0.977,95.0,4.26,0.0,stop/<1%,True,451
2026-06-02,ANELE,kontrol,taze_kirilim,0.25,0.949,94.7,5.6,0.0,stop/<1%,True,473
2026-05-22,ANGEN,kontrol,dip,0.47,0.136,10.47,5.44,5.44,+5%+,False,474
2026-06-01,ARASE,kontrol,taze_kirilim,0.74,0.951,115.9,7.77,7.77,+5%+,False,474
2026-05-22,ARENA,kontrol,dip,0.22,0.157,27.0,6.3,6.3,+5%+,False,480
2026-05-18,ATATP,kontrol,taze_kirilim,0.6,0.908,190.0,8.89,8.89,+5%+,False,393
2026-05-25,ATATP,kontrol,taze_kirilim,0.98,0.894,201.0,8.81,8.81,+5%+,False,477
2026-06-01,ATATP,kontrol,taze_kirilim,0.17,0.909,221.0,9.5,9.5,+5%+,False,483
2026-05-22,AYCES,kontrol,dip,0.46,0.115,480.0,9.38,9.38,+5%+,False,473
2026-05-25,AYCES,kontrol,dip,0.15,0.159,521.5,4.03,4.03,+4%,False,470
2026-06-02,AYCES,kontrol,dip,0.1,0.148,511.0,1.08,1.08,+1%,False,460
2026-05-21,BAKAB,sinyal,taze_kirilim,9.42,1.008,52.2,0.0,0.0,stop/<1%,True,406
2026-05-18,BALSU,kontrol,dip,1.22,0.052,14.29,0.0,0.0,stop/<1%,False,481
2026-05-20,BALSU,kontrol,dip,0.72,0.027,13.93,0.65,0.65,stop/<1%,False,477
2026-05-21,BALSU,kontrol,dip,0.74,0.009,13.67,0.8,0.8,stop/<1%,True,455
2026-05-22,BALSU,kontrol,dip,1.2,-0.003,12.97,2.85,2.85,+2%,False,482
2026-05-25,BALSU,kontrol,dip,0.46,0.026,13.32,0.98,0.98,stop/<1%,False,483
2026-06-01,BALSU,kontrol,dip,0.63,0.038,13.5,6.37,6.37,+5%+,False,481
2026-06-02,BALSU,kontrol,dip,0.61,0.075,14.07,1.63,1.63,+1%,False,469
2026-06-03,BALSU,kontrol,dip,0.26,0.084,14.2,0.07,0.07,stop/<1%,True,484
2026-06-03,BANVT,kontrol,dip,1.24,0.106,156.8,2.23,2.23,+2%,False,383
2026-05-15,BEGYO,kontrol,dip,1.25,0.037,4.32,6.02,6.02,+5%+,False,444
2026-05-25,BEGYO,kontrol,dip,1.49,0.019,4.15,3.13,3.13,+3%,False,437
2026-05-20,BFREN,kontrol,dip,1.69,0.149,147.5,0.95,0.95,stop/<1%,True,465
2026-06-01,BFREN,kontrol,dip,2.24,0.107,140.0,2.93,2.93,+2%,False,426
2026-06-03,BFREN,kontrol,dip,0.8,0.126,141.8,1.13,1.13,+1%,False,432
2026-06-04,BFREN,kontrol,dip,0.56,0.12,141.2,9.7,9.7,+5%+,False,468
2026-06-05,BFREN,kontrol,dip,1.93,0.193,148.4,0.2,0.2,stop/<1%,True,468
2026-06-01,BIENY,kontrol,dip,0.23,0.123,24.62,8.12,8.12,+5%+,False,468
2026-06-02,BIENY,kontrol,dip,0.21,0.135,25.0,4.64,4.64,+4%,False,469
2026-06-03,BIENY,kontrol,dip,0.48,0.167,25.98,3.39,3.39,+3%,False,469
2026-06-04,BIENY,kontrol,dip,0.7,0.176,26.26,0.23,0.23,stop/<1%,True,462
2026-06-05,BIENY,kontrol,dip,0.3,0.097,23.82,2.43,2.43,+2%,False,470
2026-06-01,BIGEN,kontrol,taze_kirilim,0.15,0.931,40.7,9.98,2.06,+2%,True,438
2026-06-05,BIGEN,kontrol,taze_kirilim,0.4,1.014,54.75,0.0,0.0,stop/<1%,True,344
2026-05-15,BIGTK,kontrol,dip,0.33,0.04,220.1,6.95,6.95,+5%+,False,429
2026-05-18,BIGTK,kontrol,dip,0.63,0.041,220.5,2.09,2.09,+2%,False,438
2026-05-21,BIGTK,sinyal,dip,55.95,0.018,211.5,9.31,9.31,+5%+,False,453
2026-05-22,BIGTK,kontrol,dip,0.24,0.018,211.5,6.62,6.62,+5%+,False,470
2026-05-25,BIGTK,kontrol,dip,0.13,0.04,220.2,7.18,7.18,+5%+,False,458
2026-06-01,BIGTK,kontrol,dip,0.13,0.032,217.0,9.49,9.49,+5%+,False,270
2026-06-02,BIGTK,kontrol,dip,1.55,0.102,244.7,3.29,3.29,+3%,True,470
2026-06-03,BIGTK,kontrol,dip,0.07,0.083,237.1,7.55,7.55,+5%+,False,481
2026-06-05,BIGTK,kontrol,dip,0.07,0.069,231.7,0.99,0.99,stop/<1%,True,458
2026-05-21,BIOEN,kontrol,dip,0.36,0.198,17.3,0.64,0.64,stop/<1%,True,431
2026-05-22,BIOEN,kontrol,dip,1.68,0.07,15.6,8.85,8.85,+5%+,False,452
2026-05-25,BIOEN,kontrol,dip,0.45,0.175,17.0,8.71,8.71,+5%+,False,425
2026-06-03,BIOEN,kontrol,dip,0.67,0.175,17.0,1.29,1.29,+1%,False,468
2026-06-04,BIOEN,kontrol,dip,0.28,0.166,16.87,2.55,2.55,+2%,False,458
2026-06-05,BIOEN,kontrol,dip,0.23,0.198,17.3,7.28,0.0,stop/<1%,True,437
2026-05-11,BIZIM,sinyal,taze_kirilim,31.92,1.086,35.0,4.86,4.86,+4%,True,460
2026-05-15,BOBET,kontrol,dip,1.06,0.117,19.21,0.1,0.1,stop/<1%,False,332
2026-05-20,BOBET,kontrol,dip,1.01,0.095,18.95,0.69,0.69,stop/<1%,False,442
2026-05-22,BOBET,kontrol,dip,1.61,-0.025,17.6,6.42,6.42,+5%+,False,456
2026-05-25,BOBET,kontrol,dip,1.01,0.105,18.82,0.37,0.37,stop/<1%,False,435
2026-06-01,BOBET,kontrol,dip,0.46,0.124,18.93,0.32,0.32,stop/<1%,False,446
2026-06-02,BOBET,kontrol,dip,0.38,0.121,18.9,0.42,0.42,stop/<1%,False,456
2026-06-03,BOBET,kontrol,dip,1.07,0.137,18.97,0.63,0.63,stop/<1%,False,463
2026-06-05,BOBET,kontrol,dip,0.33,0.145,18.82,1.06,1.06,+1%,False,454
2026-05-18,BORLS,kontrol,dip,0.11,0.091,5.38,10.97,10.97,+5%+,False,450
2026-05-20,BORLS,kontrol,dip,0.31,0.111,5.98,9.7,9.7,+5%+,False,482
2026-05-21,BORLS,kontrol,dip,0.24,0.108,5.88,3.57,3.57,+3%,True,465
2026-05-22,BORLS,kontrol,dip,0.2,0.089,5.3,13.21,13.21,+5%+,False,482
2026-05-25,BORLS,kontrol,dip,0.08,0.1,5.65,0.88,0.88,stop/<1%,True,467
2026-06-01,BORLS,kontrol,dip,0.18,0.104,5.78,4.67,0.0,stop/<1%,True,477
2026-06-02,BORLS,kontrol,dip,0.08,0.102,5.7,2.28,2.28,+2%,False,478
2026-06-03,BORLS,kontrol,dip,0.17,0.102,5.7,10.0,10.0,+5%+,False,450
2026-06-04,BORLS,kontrol,dip,0.89,0.125,6.41,5.93,3.74,+3%,True,479
2026-06-05,BORLS,kontrol,dip,0.28,0.126,6.44,0.78,0.0,stop/<1%,True,474
2026-05-18,BUCIM,kontrol,dip,2.33,0.143,6.2,0.32,0.32,stop/<1%,False,439
2026-05-22,BUCIM,kontrol,dip,0.84,-0.041,5.72,4.02,4.02,+4%,False,441
2026-06-03,BUCIM,kontrol,dip,0.73,0.189,6.15,3.74,3.74,+3%,False,443
2026-05-25,CELHA,kontrol,taze_kirilim,0.23,0.908,14.95,9.63,9.63,+5%+,False,474
2026-06-01,CELHA,kontrol,taze_kirilim,0.59,0.976,16.7,9.46,9.46,+5%+,False,478
2026-06-03,CELHA,kontrol,taze_kirilim,1.89,1.015,20.0,0.5,0.5,stop/<1%,True,428
2026-05-15,CEMAS,kontrol,dip,1.43,0.111,4.87,4.72,4.72,+4%,False,342
2026-05-20,CEMAS,kontrol,dip,1.24,0.118,4.93,4.46,4.46,+4%,False,473
2026-05-21,CEMAS,kontrol,dip,1.14,0.123,4.97,0.4,0.4,stop/<1%,True,444
2026-05-22,CEMAS,kontrol,dip,2.27,0.042,4.3,13.72,13.72,+5%+,False,459
2026-06-01,CEMAS,kontrol,dip,0.29,0.105,4.82,6.64,6.64,+5%+,False,453
2026-06-02,CEMAS,kontrol,dip,0.22,0.133,5.06,2.96,2.96,+2%,False,454
2026-06-03,CEMAS,kontrol,dip,1.5,0.126,5.0,0.6,0.6,stop/<1%,False,450
2026-06-04,CEMAS,kontrol,dip,0.38,0.114,4.9,1.63,1.63,+1%,False,448
2026-06-05,CGCAM,kontrol,taze_kirilim,2.65,0.968,48.52,8.31,8.31,+5%+,False,398
2026-06-05,CMBTN,sinyal,dip,19.47,0.095,1595.0,2.63,2.63,+2%,False,300
2026-05-22,CONSE,kontrol,dip,2.53,0.007,2.7,5.93,5.93,+5%+,False,443
2026-05-25,CONSE,kontrol,dip,2.83,0.157,2.9,2.76,2.76,+2%,False,393
2026-05-14,CRDFA,kontrol,taze_kirilim,0.93,0.958,33.64,5.53,0.0,stop/<1%,True,389
2026-06-03,CRDFA,kontrol,taze_kirilim,0.87,0.971,37.4,2.94,2.94,+2%,False,382
2026-05-20,DAPGM,kontrol,dip,0.5,0.162,10.21,2.45,2.45,+2%,False,482
2026-05-25,DAPGM,kontrol,dip,0.2,0.097,9.47,2.85,2.85,+2%,False,478
2026-06-01,DAPGM,kontrol,dip,0.12,0.104,9.55,9.21,9.21,+5%+,False,483
2026-06-02,DAPGM,kontrol,dip,0.15,0.144,10.0,7.0,7.0,+5%+,False,485
2026-06-03,DAPGM,kontrol,dip,0.61,0.161,10.19,4.32,4.32,+4%,False,484
2026-06-04,DAPGM,kontrol,dip,0.78,0.183,10.44,4.21,4.21,+4%,False,482
2026-05-21,DCTTR,kontrol,taze_kirilim,2.4,0.955,14.71,4.55,4.55,+4%,False,450
2026-06-02,DGATE,kontrol,taze_kirilim,0.49,0.992,118.0,8.31,8.31,+5%+,False,474
2026-06-03,DGATE,kontrol,taze_kirilim,1.13,1.029,129.8,4.16,0.0,stop/<1%,True,465
2026-05-18,DOFER,kontrol,dip,1.05,0.184,34.34,1.34,1.34,+1%,False,424
2026-05-25,DURDO,sinyal,taze_kirilim,23.52,0.907,5.0,5.4,5.4,+5%+,False,351
2026-05-21,EBEBK,kontrol,taze_kirilim,0.92,0.959,77.1,2.2,2.2,+2%,True,409
2026-05-22,EBEBK,kontrol,taze_kirilim,2.76,0.867,73.55,7.14,7.14,+5%+,False,456
2026-06-01,EBEBK,kontrol,taze_kirilim,0.52,0.985,81.6,3.68,3.68,+3%,False,461
2026-05-18,EFOR,kontrol,dip,1.49,0.188,10.5,9.14,0.95,stop/<1%,True,484
2026-05-20,EFOR,kontrol,dip,0.11,0.192,10.62,9.98,9.98,+5%+,False,484
2026-05-22,EFOR,kontrol,dip,0.42,0.188,10.5,5.43,0.0,stop/<1%,True,484
2026-05-25,EFOR,kontrol,dip,0.11,0.195,10.71,8.31,8.31,+5%+,False,485
2026-05-14,EGEEN,kontrol,dip,0.54,0.182,6050.0,1.16,1.16,+1%,False,274
2026-05-15,EGEEN,kontrol,dip,0.38,0.167,5997.5,2.38,2.38,+2%,False,404
2026-05-18,EGEEN,kontrol,dip,0.24,0.162,5972.5,0.29,0.29,stop/<1%,True,405
2026-05-20,EGEEN,kontrol,dip,0.41,0.113,5802.5,0.09,0.09,stop/<1%,True,451
2026-05-21,EGEEN,kontrol,dip,0.57,0.079,5682.5,0.26,0.26,stop/<1%,True,385
2026-06-02,EGEEN,kontrol,dip,0.67,0.14,5845.0,0.34,0.34,stop/<1%,False,436
2026-06-03,EGEEN,kontrol,dip,2.55,0.125,5790.0,0.99,0.99,stop/<1%,False,439
2026-06-05,EGEEN,kontrol,dip,0.59,0.128,5800.0,3.45,3.45,+3%,False,449
2026-06-03,EKOS,kontrol,taze_kirilim,0.17,0.823,8.19,9.65,9.65,+5%+,False,481
2026-05-20,EKSUN,sinyal,taze_kirilim,9.8,0.903,7.4,6.76,6.76,+5%+,False,483
2026-05-25,EKSUN,kontrol,taze_kirilim,0.94,0.901,7.6,7.63,7.63,+5%+,False,455
2026-05-18,ELITE,kontrol,taze_kirilim,1.82,1.03,42.0,6.43,1.05,+1%,True,481
2026-05-18,EMKEL,kontrol,dip,1.51,0.06,24.7,0.4,0.4,stop/<1%,True,474
2026-05-20,EMKEL,kontrol,dip,0.43,0.051,23.62,5.0,5.0,+4%,False,484
2026-05-21,EMKEL,kontrol,dip,0.31,0.054,23.96,0.17,0.17,stop/<1%,True,456
2026-05-22,EMKEL,kontrol,dip,0.99,0.028,21.06,7.12,0.0,stop/<1%,True,481
2026-05-25,EMKEL,kontrol,dip,1.21,0.04,22.42,0.71,0.71,stop/<1%,False,474
2026-06-01,EMKEL,kontrol,dip,0.23,0.037,22.0,6.09,6.09,+5%+,False,476
2026-06-02,EMKEL,kontrol,dip,0.4,0.041,22.56,1.77,1.77,+1%,False,480
2026-06-03,EMKEL,kontrol,dip,0.17,0.042,22.62,3.09,3.09,+3%,False,484
2026-06-04,EMKEL,kontrol,dip,0.16,0.045,22.92,10.03,10.03,+5%+,False,480
2026-06-05,EMKEL,sinyal,dip,9.76,0.071,25.96,0.23,0.0,stop/<1%,True,464
2026-05-18,ENSRI,kontrol,dip,0.11,0.174,9.96,6.83,6.83,+5%+,False,484
2026-05-20,ENSRI,kontrol,dip,0.42,0.181,10.2,0.39,0.39,stop/<1%,True,483
2026-05-22,ENSRI,kontrol,dip,0.23,0.151,9.16,6.99,6.99,+5%+,False,482
2026-06-01,ENSRI,kontrol,dip,0.07,0.176,10.04,6.08,6.08,+5%+,False,483
2026-06-02,ENSRI,kontrol,dip,0.03,0.183,10.28,6.71,6.71,+5%+,False,481
2026-05-12,ERBOS,sinyal,taze_kirilim,16.96,0.911,217.9,3.72,3.72,+3%,False,344
2026-05-20,ERCB,kontrol,dip,0.64,0.188,57.95,0.09,0.09,stop/<1%,True,422
2026-05-21,ERCB,kontrol,dip,0.84,0.175,57.2,0.0,0.0,stop/<1%,True,368
2026-05-22,ERCB,kontrol,dip,1.84,0.104,53.05,5.56,5.56,+5%+,False,436
2026-05-18,ESEN,kontrol,dip,0.29,0.031,3.99,0.5,0.5,stop/<1%,False,484
2026-05-20,ESEN,kontrol,dip,0.23,0.028,3.94,0.51,0.51,stop/<1%,False,483
2026-05-21,ESEN,kontrol,dip,0.13,0.027,3.93,0.51,0.51,stop/<1%,True,457
2026-05-22,ESEN,kontrol,dip,0.49,0.004,3.53,9.07,9.07,+5%+,False,484
2026-05-25,ESEN,kontrol,dip,0.2,0.021,3.82,2.36,2.36,+2%,False,478
2026-06-01,ESEN,kontrol,dip,0.4,0.03,3.97,6.55,6.55,+5%+,False,484
2026-06-02,ESEN,kontrol,dip,0.33,0.042,4.17,2.64,2.64,+2%,False,484
2026-06-03,ESEN,kontrol,dip,1.86,0.046,4.24,0.0,0.0,stop/<1%,True,484
2026-06-04,ESEN,kontrol,dip,0.37,0.038,4.11,0.73,0.73,stop/<1%,False,483
2026-06-05,ESEN,kontrol,dip,0.16,0.033,4.03,0.5,0.5,stop/<1%,False,483
2026-05-22,EYGYO,kontrol,dip,2.0,0.114,2.48,4.84,4.84,+4%,False,416
2026-06-01,EYGYO,kontrol,dip,0.52,0.185,2.73,1.83,1.83,+1%,False,403
2026-05-20,FORMT,kontrol,dip,0.89,0.014,2.44,0.0,0.0,stop/<1%,True,474
2026-05-21,FORMT,kontrol,dip,1.9,0.004,2.33,0.86,0.86,stop/<1%,True,444
2026-05-22,FORMT,kontrol,dip,1.57,-0.061,2.02,12.87,12.87,+5%+,False,453
2026-06-01,FORMT,kontrol,dip,0.34,0.097,2.27,2.64,2.64,+2%,False,462
2026-06-03,FORMT,kontrol,dip,0.33,0.108,2.3,0.0,0.0,stop/<1%,True,447
2026-06-04,FORMT,kontrol,dip,0.93,0.077,2.22,1.8,1.8,+1%,False,421
2026-05-21,GEDZA,kontrol,taze_kirilim,1.38,0.971,34.28,6.42,0.18,stop/<1%,True,454
2026-06-03,GEDZA,kontrol,taze_kirilim,0.93,1.011,38.0,5.95,1.05,+1%,True,484
2026-05-21,GENIL,kontrol,dip,0.35,0.189,8.6,0.58,0.58,stop/<1%,True,456
2026-05-22,GENIL,kontrol,dip,0.6,0.073,7.69,10.53,10.53,+5%+,False,483
2026-05-25,GENIL,kontrol,dip,0.66,0.164,8.4,9.76,9.76,+5%+,False,480
2026-06-04,GENIL,kontrol,dip,0.04,0.18,8.53,4.22,4.22,+4%,True,484
2026-06-05,GENIL,kontrol,dip,0.11,0.155,8.33,3.48,0.24,stop/<1%,True,482
2026-05-21,GIPTA,kontrol,dip,0.36,0.168,69.3,9.96,9.96,+5%+,False,356
2026-05-22,GIPTA,kontrol,dip,2.87,0.165,69.0,10.07,10.07,+5%+,False,484
2026-05-22,GLCVY,kontrol,dip,1.74,0.016,53.6,10.17,10.17,+5%+,False,445
2026-05-22,GLRYH,kontrol,dip,1.3,0.109,3.18,11.01,11.01,+5%+,False,432
2026-06-02,GLRYH,kontrol,dip,0.98,0.181,3.34,2.1,2.1,+2%,False,454
2026-06-03,GLRYH,kontrol,dip,0.58,0.19,3.36,4.17,4.17,+4%,False,460
2026-06-04,GLRYH,kontrol,dip,0.87,0.199,3.38,1.18,1.18,+1%,False,413
2026-05-22,GOZDE,kontrol,dip,1.67,0.196,18.1,5.25,5.25,+5%+,False,459
2026-05-08,GRNYO,kontrol,taze_kirilim,1.53,0.834,19.4,12.89,12.89,+5%+,False,314
2026-05-11,GRNYO,kontrol,taze_kirilim,1.08,1.0,21.9,2.28,0.0,stop/<1%,True,309
2026-05-15,GZNMI,kontrol,dip,0.14,0.089,67.25,0.59,0.59,stop/<1%,True,463
2026-05-18,GZNMI,kontrol,dip,0.17,0.079,64.45,6.36,6.36,+5%+,False,482
2026-05-20,GZNMI,kontrol,dip,0.25,0.078,64.0,1.95,1.95,+1%,False,477
2026-05-21,GZNMI,kontrol,dip,0.11,0.073,62.7,1.67,1.67,+1%,True,450
2026-05-22,GZNMI,kontrol,dip,0.14,0.056,57.75,7.01,7.01,+5%+,False,464
2026-06-01,GZNMI,kontrol,dip,0.17,0.084,65.8,9.73,9.73,+5%+,False,326
2026-06-02,GZNMI,kontrol,dip,0.08,0.101,70.8,6.64,6.64,+5%+,False,477
2026-06-03,GZNMI,kontrol,dip,0.18,0.116,75.0,5.0,5.0,+5%+,False,484
2026-06-04,GZNMI,kontrol,dip,0.22,0.116,75.0,3.87,3.87,+3%,True,474
2026-06-05,GZNMI,kontrol,dip,0.08,0.102,71.0,0.35,0.0,stop/<1%,True,479
2026-06-03,HATSN,kontrol,taze_kirilim,0.14,0.898,59.0,6.69,6.69,+5%+,True,483
2026-06-03,HEDEF,kontrol,taze_kirilim,0.15,0.998,104.0,4.71,0.0,stop/<1%,True,471
2026-06-04,HEDEF,kontrol,taze_kirilim,0.3,0.991,108.0,3.33,3.33,+3%,False,476
2026-06-05,HEDEF,kontrol,taze_kirilim,0.11,1.003,111.9,1.88,0.0,stop/<1%,True,463
2026-06-02,HLGYO,kontrol,taze_kirilim,0.13,0.946,6.14,4.23,4.23,+4%,False,477
2026-06-04,HLGYO,kontrol,taze_kirilim,0.12,0.965,6.26,3.67,3.67,+3%,False,468
2026-06-05,HRKET,kontrol,taze_kirilim,0.66,0.973,123.9,6.54,6.54,+5%+,False,483
2026-05-18,ICBCT,kontrol,taze_kirilim,2.69,0.959,18.59,8.98,8.98,+5%+,False,286
2026-06-05,IDGYO,kontrol,taze_kirilim,1.73,0.963,4.9,8.16,1.63,+1%,True,330
2026-06-02,IHAAS,kontrol,taze_kirilim,0.13,0.891,88.5,9.15,9.15,+5%+,False,474
2026-06-04,IHAAS,kontrol,taze_kirilim,0.1,1.013,101.0,2.38,2.38,+2%,False,474
2026-06-05,IHAAS,kontrol,taze_kirilim,0.12,0.986,102.3,3.62,3.62,+3%,False,472
2026-05-21,IHLGM,kontrol,dip,0.84,0.168,2.04,0.0,0.0,stop/<1%,True,365
2026-05-22,IHLGM,kontrol,dip,0.51,0.092,1.9,6.32,6.32,+5%+,False,394
2026-06-01,IHLGM,kontrol,dip,0.73,0.157,2.02,2.48,2.48,+2%,False,372
2026-06-02,IHLGM,kontrol,dip,1.97,0.157,2.02,3.96,3.96,+3%,False,385
2026-06-03,IHLGM,kontrol,dip,0.74,0.173,2.05,2.93,2.93,+2%,False,396
2026-06-04,IHLGM,kontrol,dip,0.44,0.157,2.02,0.99,0.99,stop/<1%,False,382
2026-05-06,IHYAY,sinyal,dip,8.96,0.106,1.83,2.19,2.19,+2%,False,270
2026-05-22,IMASM,kontrol,dip,0.89,0.139,3.18,5.66,5.66,+5%+,False,463
2026-05-25,IMASM,kontrol,dip,0.71,0.182,3.34,1.8,1.8,+1%,False,448
2026-06-01,IMASM,kontrol,dip,0.41,0.182,3.34,2.69,2.69,+2%,False,442
2026-06-02,IMASM,kontrol,dip,0.35,0.185,3.35,2.69,2.69,+2%,False,437
2026-06-04,IMASM,kontrol,dip,0.24,0.182,3.34,0.9,0.9,stop/<1%,False,448
2026-06-01,INDES,kontrol,taze_kirilim,0.16,0.929,11.5,8.43,8.43,+5%+,False,480
2026-06-02,INDES,kontrol,taze_kirilim,0.36,0.979,12.33,2.84,2.84,+2%,False,479
2026-06-03,INDES,kontrol,taze_kirilim,0.47,0.987,12.59,1.67,1.67,+1%,False,446
2026-06-04,INDES,kontrol,taze_kirilim,0.12,0.99,12.73,0.94,0.94,stop/<1%,True,449
2026-05-22,INVEO,kontrol,dip,0.59,0.182,7.55,5.96,0.0,stop/<1%,True,465
2026-06-01,ISDMR,kontrol,taze_kirilim,0.57,0.9,59.05,7.45,7.45,+5%+,False,420
2026-05-18,ISSEN,sinyal,taze_kirilim,118.98,1.071,10.04,4.78,4.78,+4%,False,326
2026-06-04,ISYAT,kontrol,dip,1.63,0.16,7.9,2.28,2.28,+2%,False,310
2026-05-18,IZENR,kontrol,taze_kirilim,0.81,0.872,11.16,9.77,0.0,stop/<1%,True,483
2026-05-15,JANTS,kontrol,dip,1.47,0.142,18.26,8.98,8.98,+5%+,False,429
2026-05-20,JANTS,kontrol,dip,0.98,0.112,17.81,2.75,2.75,+2%,False,467
2026-05-21,JANTS,kontrol,dip,1.03,0.112,17.81,1.12,1.12,+1%,True,422
2026-05-22,JANTS,kontrol,dip,2.01,0.013,16.35,5.08,5.08,+5%+,False,470
2026-06-01,JANTS,kontrol,dip,0.75,0.091,17.5,2.06,2.06,+2%,False,430
2026-06-03,KAREL,kontrol,taze_kirilim,0.42,1.011,13.98,0.14,0.14,stop/<1%,True,470
2026-05-22,KCAER,kontrol,dip,2.05,0.155,11.01,9.99,9.99,+5%+,False,462
2026-05-18,KLGYO,kontrol,dip,1.53,0.157,5.03,0.0,0.0,stop/<1%,True,395
2026-05-20,KLGYO,kontrol,dip,1.54,0.121,4.89,6.95,0.41,stop/<1%,True,441
2026-05-21,KLGYO,kontrol,dip,1.25,0.152,5.01,0.6,0.6,stop/<1%,True,370
2026-05-25,KLGYO,kontrol,dip,2.64,0.103,4.82,2.7,2.7,+2%,False,419
2026-06-01,KLGYO,kontrol,dip,0.43,0.116,4.87,2.05,2.05,+2%,False,363
2026-06-03,KLGYO,kontrol,dip,1.44,0.137,4.95,0.81,0.81,stop/<1%,False,358
2026-06-04,KLGYO,kontrol,dip,1.35,0.131,4.93,5.27,5.27,+5%+,False,442
2026-06-05,KLGYO,kontrol,dip,2.39,0.16,5.05,1.58,1.58,+1%,False,382
2026-05-22,KLSER,kontrol,dip,0.25,0.144,26.3,4.94,4.94,+4%,False,481
2026-06-03,KLSYN,kontrol,taze_kirilim,0.55,0.917,13.08,6.88,6.88,+5%+,False,481
2026-05-22,KLYPV,kontrol,dip,0.7,0.072,54.2,10.89,10.89,+5%+,False,478
2026-05-22,KOPOL,sinyal,dip,44.12,0.131,5.03,15.71,15.71,+5%+,False,422
2026-05-15,KORDS,kontrol,taze_kirilim,0.49,0.929,90.95,3.96,3.96,+3%,False,268
2026-05-20,KOTON,kontrol,dip,0.59,0.175,14.97,0.0,0.0,stop/<1%,True,483
2026-05-22,KOTON,kontrol,dip,2.06,0.02,13.81,5.79,5.79,+5%+,False,471
2026-06-04,KOTON,kontrol,dip,0.53,0.19,15.08,0.27,0.27,stop/<1%,False,469
2026-05-18,KRDMB,kontrol,taze_kirilim,0.16,0.991,101.2,1.88,1.88,+1%,True,462
2026-05-20,KRDMB,kontrol,taze_kirilim,0.05,0.981,101.5,3.84,0.0,stop/<1%,True,457
2026-06-01,KRDMB,kontrol,taze_kirilim,0.05,0.99,106.9,7.39,7.39,+5%+,False,482
2026-06-02,KRDMB,kontrol,taze_kirilim,1.94,0.997,114.5,1.22,1.22,+1%,True,467
2026-06-03,KRDMB,kontrol,taze_kirilim,0.03,0.917,108.0,7.41,7.41,+5%+,False,466
2026-05-15,KRGYO,kontrol,dip,2.4,0.071,2.84,0.35,0.35,stop/<1%,False,359
2026-05-22,KUTPO,kontrol,dip,1.45,0.137,84.9,5.42,5.42,+5%+,False,439
2026-05-18,KZBGY,kontrol,dip,1.24,0.189,3.22,0.31,0.31,stop/<1%,False,467
2026-05-20,KZBGY,kontrol,dip,1.42,0.165,3.16,0.63,0.63,stop/<1%,False,454
2026-05-21,KZBGY,kontrol,dip,0.29,0.144,3.11,0.64,0.64,stop/<1%,True,444
2026-05-22,KZBGY,kontrol,dip,1.87,-0.025,2.74,8.03,8.03,+5%+,False,471
2026-05-25,KZBGY,kontrol,dip,0.65,0.086,2.95,9.15,9.15,+5%+,False,468
2026-06-01,KZBGY,kontrol,dip,0.36,0.188,3.2,0.63,0.63,stop/<1%,False,453
2026-06-02,KZBGY,kontrol,dip,0.11,0.163,3.14,0.96,0.96,stop/<1%,False,475
2026-06-03,KZBGY,kontrol,dip,0.17,0.147,3.1,0.32,0.32,stop/<1%,True,446
2026-06-04,KZBGY,kontrol,dip,0.11,0.114,3.02,0.99,0.99,stop/<1%,False,473
2026-06-05,KZBGY,kontrol,dip,0.09,0.102,2.99,1.34,1.34,+1%,False,432
2026-05-18,LINK,kontrol,dip,0.29,0.101,6.3,2.22,2.22,+2%,False,483
2026-05-20,LINK,kontrol,dip,0.2,0.101,6.3,6.03,6.03,+5%+,False,484
2026-05-21,LINK,kontrol,dip,0.31,0.109,6.41,2.18,2.18,+2%,True,457
2026-05-22,LINK,kontrol,dip,0.47,0.054,5.66,13.25,13.25,+5%+,False,484
2026-05-25,LINK,kontrol,dip,0.4,0.111,6.44,9.32,9.32,+5%+,False,466
2026-06-04,LINK,kontrol,dip,0.08,0.194,7.59,3.29,3.29,+3%,True,474
2026-06-05,LINK,kontrol,dip,0.03,0.17,7.26,4.68,4.68,+4%,False,484
2026-05-20,LKMNH,sinyal,dip,16.96,0.169,15.2,5.2,5.2,+5%+,False,471
2026-05-22,LOGO,kontrol,dip,1.26,0.165,139.9,8.22,8.22,+5%+,False,468
2026-05-14,LRSHO,kontrol,dip,0.43,0.133,3.88,0.26,0.26,stop/<1%,True,208
2026-05-18,LRSHO,kontrol,dip,0.8,0.084,3.66,0.55,0.55,stop/<1%,True,428
2026-05-20,LRSHO,kontrol,dip,1.96,0.066,3.58,2.23,2.23,+2%,False,442
2026-05-22,LRSHO,kontrol,dip,1.04,-0.009,3.24,8.02,8.02,+5%+,False,432
2026-05-25,LRSHO,kontrol,dip,0.62,0.057,3.5,2.86,2.86,+2%,False,354
2026-06-01,LRSHO,kontrol,dip,0.63,0.077,3.59,1.95,1.95,+1%,False,394
2026-06-05,LRSHO,kontrol,dip,0.43,0.029,3.37,0.59,0.59,stop/<1%,False,414
2026-06-05,MARKA,kontrol,taze_kirilim,0.34,0.921,63.0,10.56,10.56,+5%+,False,344
2026-05-22,MARTI,kontrol,dip,1.0,0.17,1.59,10.06,10.06,+5%+,False,467
2026-05-25,METRO,kontrol,taze_kirilim,1.49,0.972,7.44,3.09,3.09,+3%,False,414
2026-06-01,METRO,kontrol,taze_kirilim,0.34,0.946,7.39,5.14,5.14,+5%+,False,452
2026-06-02,METRO,kontrol,taze_kirilim,0.28,1.004,7.79,4.11,0.77,stop/<1%,True,461
2026-06-04,METRO,kontrol,taze_kirilim,0.25,0.987,8.52,2.7,0.47,stop/<1%,True,466
2026-06-02,MHRGY,kontrol,taze_kirilim,2.94,1.014,5.08,2.56,2.56,+2%,True,459
2026-05-20,MNDRS,kontrol,dip,0.81,0.196,11.76,0.34,0.34,stop/<1%,False,452
2026-05-22,MNDRS,kontrol,dip,1.04,0.106,10.88,4.87,4.87,+4%,False,424
2026-06-01,MNDRS,kontrol,dip,0.51,0.174,11.55,2.42,2.42,+2%,False,426
2026-06-04,MNDRS,kontrol,dip,0.4,0.194,11.74,0.77,0.77,stop/<1%,False,420
2026-06-05,MNDRS,kontrol,dip,0.5,0.195,11.75,0.0,0.0,stop/<1%,True,409
2026-05-15,MOBTL,kontrol,taze_kirilim,1.36,0.991,14.68,1.23,1.23,+1%,True,406
2026-05-22,MOBTL,kontrol,taze_kirilim,1.01,0.882,13.96,8.6,8.6,+5%+,False,445
2026-05-25,MOBTL,kontrol,taze_kirilim,1.99,0.96,14.8,3.04,3.04,+3%,False,419
2026-06-01,MOBTL,kontrol,taze_kirilim,0.22,0.981,15.4,2.66,2.66,+2%,False,440
2026-06-03,MOBTL,kontrol,taze_kirilim,0.26,0.971,15.7,4.33,4.33,+4%,False,455
2026-06-04,MOBTL,kontrol,taze_kirilim,0.23,0.965,16.02,4.99,4.99,+4%,True,443
2026-05-18,NATEN,kontrol,dip,0.36,0.049,7.15,0.56,0.56,stop/<1%,False,477
2026-05-20,NATEN,kontrol,dip,0.2,0.033,7.07,0.57,0.57,stop/<1%,False,479
2026-05-21,NATEN,kontrol,dip,0.39,0.033,7.07,0.28,0.28,stop/<1%,True,457
2026-05-22,NATEN,kontrol,dip,0.59,-0.061,6.37,8.63,8.63,+5%+,False,479
2026-05-25,NATEN,kontrol,dip,0.17,0.103,6.93,0.43,0.43,stop/<1%,False,474
2026-06-01,NATEN,kontrol,dip,0.16,0.153,7.2,1.53,1.53,+1%,False,474
2026-06-02,NATEN,kontrol,dip,0.19,0.146,7.16,0.98,0.98,stop/<1%,False,473
2026-06-03,NATEN,kontrol,dip,0.4,0.149,7.18,0.42,0.42,stop/<1%,False,466
2026-06-04,NATEN,kontrol,dip,0.16,0.135,7.1,0.85,0.85,stop/<1%,False,471
2026-05-14,NTHOL,kontrol,dip,1.09,0.179,40.76,0.0,0.0,stop/<1%,False,377
2026-06-01,NTHOL,kontrol,dip,0.81,0.131,37.62,4.25,4.25,+4%,False,455
2026-05-22,NUHCM,kontrol,dip,1.82,0.097,213.0,9.58,9.58,+5%+,False,427
2026-06-01,NUHCM,kontrol,dip,1.17,0.174,225.0,0.27,0.27,stop/<1%,True,368
2026-05-18,ODINE,kontrol,taze_kirilim,0.46,0.945,1244.0,7.32,7.32,+5%+,True,479
2026-06-02,ODINE,kontrol,taze_kirilim,0.23,0.951,1273.0,8.8,8.8,+5%+,False,483
2026-06-03,ODINE,kontrol,taze_kirilim,0.32,0.995,1378.0,4.5,4.5,+4%,False,483
2026-05-20,ONCSM,kontrol,taze_kirilim,0.52,0.938,357.5,6.71,0.0,stop/<1%,True,477
2026-05-21,ONCSM,kontrol,taze_kirilim,1.49,0.995,380.0,2.57,2.57,+2%,True,440
2026-06-03,ONRYT,kontrol,taze_kirilim,1.08,1.011,95.0,3.05,3.05,+3%,False,484
2026-05-12,ORCAY,kontrol,taze_kirilim,2.26,0.9,4.58,10.48,10.48,+5%+,False,430
2026-05-13,ORCAY,kontrol,taze_kirilim,1.03,0.951,4.94,7.09,7.09,+5%+,True,433
2026-05-21,ORGE,kontrol,taze_kirilim,2.9,0.995,104.2,7.49,7.49,+5%+,True,462
2026-05-25,ORGE,kontrol,taze_kirilim,1.34,0.896,107.0,4.95,4.95,+4%,True,482
2026-06-02,ORGE,kontrol,taze_kirilim,0.17,0.954,110.1,8.27,8.27,+5%+,False,484
2026-05-13,OSTIM,kontrol,dip,1.18,0.199,3.0,0.67,0.67,stop/<1%,True,380
2026-05-15,OSTIM,kontrol,dip,2.17,0.133,2.87,0.0,0.0,stop/<1%,True,398
2026-06-01,OSTIM,kontrol,dip,0.94,0.097,2.71,4.43,4.43,+4%,False,386
2026-05-18,OTTO,kontrol,dip,0.63,0.072,299.75,0.0,0.0,stop/<1%,True,402
2026-05-25,OTTO,kontrol,dip,1.28,0.045,239.8,1.54,1.54,+1%,True,468
2026-06-01,OTTO,kontrol,dip,0.4,0.019,230.3,5.6,5.6,+5%+,True,483
2026-06-02,OTTO,kontrol,dip,0.66,0.006,225.0,0.84,0.84,stop/<1%,True,478
2026-06-03,OTTO,kontrol,dip,0.75,0.005,217.2,4.37,4.37,+4%,True,471
2026-06-04,OTTO,kontrol,dip,0.56,0.012,213.0,2.02,2.02,+2%,False,472
2026-06-01,PCILT,kontrol,taze_kirilim,0.94,0.988,36.7,2.07,1.04,+1%,True,464
2026-06-02,PCILT,kontrol,taze_kirilim,0.4,0.943,36.0,5.56,5.56,+5%+,False,437
2026-06-03,PCILT,kontrol,taze_kirilim,0.15,0.995,37.88,6.07,6.07,+5%+,True,471
2026-05-15,PKENT,kontrol,dip,1.86,0.066,152.2,0.07,0.07,stop/<1%,False,370
2026-06-01,PKENT,kontrol,dip,0.82,0.079,154.6,1.55,1.55,+1%,False,421
2026-05-22,PLTUR,kontrol,dip,1.15,0.124,21.16,8.6,8.6,+5%+,False,465
2026-05-22,PRKME,kontrol,dip,1.66,0.042,16.0,8.19,8.19,+5%+,False,428
2026-04-20,PRZMA,kontrol,taze_kirilim,1.67,0.924,17.7,10.0,10.0,+5%+,False,426
2026-06-01,PRZMA,kontrol,taze_kirilim,0.18,0.982,51.85,9.93,0.0,stop/<1%,True,465
2026-06-04,PRZMA,kontrol,taze_kirilim,0.95,1.052,59.4,1.85,0.0,stop/<1%,True,455
2026-05-18,QUAGR,kontrol,dip,0.1,0.115,3.51,9.4,9.4,+5%+,False,484
2026-05-20,QUAGR,kontrol,dip,0.62,0.137,3.72,3.23,1.08,+1%,True,479
2026-05-21,QUAGR,kontrol,dip,0.17,0.136,3.71,2.7,2.7,+2%,True,453
2026-05-22,QUAGR,kontrol,dip,1.13,0.09,3.27,8.87,8.87,+5%+,False,474
2026-05-25,QUAGR,kontrol,dip,0.66,0.119,3.55,8.45,8.45,+5%+,False,396
2026-06-01,QUAGR,kontrol,dip,0.41,0.149,3.83,7.57,7.57,+5%+,False,482
2026-06-02,QUAGR,kontrol,dip,0.14,0.171,4.04,7.18,7.18,+5%+,False,484
2026-06-03,QUAGR,kontrol,dip,2.05,0.195,4.27,9.6,9.6,+5%+,False,484
2026-06-05,QUAGR,kontrol,dip,0.14,0.19,4.22,5.45,5.45,+5%+,False,481
2026-05-15,RAYSG,kontrol,dip,1.4,0.085,197.0,0.46,0.46,stop/<1%,False,396
2026-06-03,RAYSG,kontrol,dip,1.67,0.117,188.9,0.42,0.42,stop/<1%,False,401
2026-06-02,RYSAS,kontrol,taze_kirilim,0.09,0.99,24.08,6.64,6.64,+5%+,False,480
2026-06-05,RYSAS,kontrol,taze_kirilim,0.1,0.992,27.2,2.65,2.65,+2%,False,479
2026-06-02,SANEL,kontrol,taze_kirilim,1.93,0.912,46.5,5.72,5.72,+5%+,False,327
2026-06-05,SANEL,kontrol,taze_kirilim,0.79,0.754,49.08,18.48,18.48,+5%+,False,463
2026-06-01,SANFM,kontrol,taze_kirilim,0.31,0.935,8.9,3.37,3.37,+3%,True,459
2026-06-05,SANFM,kontrol,taze_kirilim,0.7,0.899,9.77,6.96,6.96,+5%+,False,481
2026-06-03,SAYAS,kontrol,taze_kirilim,0.36,0.965,61.0,7.79,7.79,+5%+,False,440
2026-06-03,SMART,kontrol,taze_kirilim,0.34,0.927,40.98,4.93,4.93,+4%,True,467
2026-05-18,SMRVA,kontrol,dip,0.37,0.08,17.6,8.18,8.18,+5%+,False,484
2026-05-20,SMRVA,kontrol,dip,0.21,0.09,18.5,0.54,0.54,stop/<1%,True,474
2026-05-21,SMRVA,kontrol,dip,0.19,0.076,17.21,2.21,2.21,+2%,True,452
2026-05-22,SMRVA,kontrol,dip,0.31,0.055,15.24,7.41,7.41,+5%+,False,482
2026-05-25,SMRVA,kontrol,dip,0.5,0.065,16.15,4.71,4.71,+4%,False,483
2026-06-01,SMRVA,kontrol,dip,0.08,0.066,16.31,3.62,3.62,+3%,False,484
2026-06-02,SMRVA,kontrol,dip,0.08,0.07,16.66,4.14,4.14,+4%,False,483
2026-06-03,SMRVA,kontrol,dip,0.19,0.073,16.94,4.6,4.6,+4%,False,484
2026-06-04,SMRVA,kontrol,dip,0.5,0.069,16.53,1.27,1.27,+1%,True,484
2026-06-05,SMRVA,kontrol,dip,0.18,0.064,16.1,0.81,0.81,stop/<1%,True,483
2026-05-21,SNGYO,kontrol,dip,0.24,0.153,3.63,0.55,0.55,stop/<1%,True,413
2026-05-22,SNGYO,kontrol,dip,0.88,0.019,3.34,5.69,5.69,+5%+,False,475
2026-05-25,SNGYO,kontrol,dip,0.5,0.093,3.5,3.71,3.71,+3%,False,401
2026-06-01,SNGYO,kontrol,dip,0.34,0.144,3.61,1.94,1.94,+1%,False,420
2026-06-02,SNGYO,kontrol,dip,0.35,0.14,3.6,2.5,2.5,+2%,False,392
2026-06-03,SNGYO,kontrol,dip,0.3,0.163,3.65,2.47,2.47,+2%,False,405
2026-05-22,SNICA,kontrol,dip,2.22,0.1,3.84,4.95,4.95,+4%,False,471
2026-05-25,SNICA,kontrol,dip,1.7,0.163,3.98,4.77,4.77,+4%,False,423
2026-05-20,SUNTK,kontrol,dip,1.28,0.191,35.94,0.0,0.0,stop/<1%,True,425
2026-06-03,SUNTK,kontrol,dip,1.51,0.129,33.4,0.0,0.0,stop/<1%,True,456
2026-05-14,SUWEN,kontrol,dip,1.39,0.02,8.11,0.99,0.99,stop/<1%,False,444
2026-06-04,SUWEN,kontrol,dip,2.06,0.133,8.2,0.49,0.49,stop/<1%,True,374
2026-06-01,TARKM,kontrol,taze_kirilim,0.63,1.017,585.0,2.91,2.91,+2%,True,472
2026-06-03,TARKM,kontrol,taze_kirilim,0.21,0.975,594.0,4.63,4.63,+4%,True,481
2026-06-03,TBORG,kontrol,dip,1.37,0.142,140.4,0.14,0.14,stop/<1%,False,342
2026-05-21,TCKRC,kontrol,taze_kirilim,1.62,0.987,131.5,1.6,1.6,+1%,True,465
2026-05-22,TCKRC,kontrol,taze_kirilim,0.93,0.94,127.5,10.82,10.82,+5%+,False,440
2026-06-01,TCKRC,kontrol,taze_kirilim,0.19,0.975,160.0,3.19,0.0,stop/<1%,True,474
2026-05-12,TDGYO,kontrol,dip,1.76,0.163,17.0,1.18,1.18,+1%,False,230
2026-05-14,TDGYO,kontrol,dip,1.71,0.134,16.1,1.86,1.86,+1%,False,334
2026-06-01,TDGYO,kontrol,dip,1.99,0.088,14.87,4.17,4.17,+4%,False,342
2026-06-03,TDGYO,kontrol,dip,1.63,0.071,14.36,2.3,2.3,+2%,False,386
2026-05-22,TEKTU,kontrol,dip,1.55,0.163,9.55,12.98,6.6,+5%+,True,420
2026-06-04,TEKTU,kontrol,dip,0.15,0.191,10.81,8.7,1.39,+1%,True,469
2026-05-22,TMSN,kontrol,dip,2.89,-0.033,92.1,7.17,7.17,+5%+,False,474
2026-05-25,TMSN,kontrol,dip,0.5,0.13,98.2,2.04,2.04,+2%,False,449
2026-06-01,TMSN,kontrol,dip,1.1,0.146,98.95,5.0,5.0,+5%+,False,424
2026-06-02,TMSN,kontrol,dip,0.28,0.188,100.9,1.09,1.09,+1%,False,436
2026-06-04,TMSN,kontrol,dip,0.89,0.182,100.6,0.0,0.0,stop/<1%,False,459
2026-05-15,TRHOL,kontrol,taze_kirilim,0.65,0.98,1588.0,3.84,3.84,+3%,False,447
2026-06-05,TRHOL,kontrol,taze_kirilim,0.57,0.931,1541.0,10.19,10.19,+5%+,False,385
2026-05-22,TRILC,kontrol,dip,1.31,0.045,2.35,8.09,8.09,+5%+,False,484
2026-05-25,TRILC,kontrol,dip,0.23,0.11,2.49,1.2,1.2,+1%,True,484
2026-06-01,TRILC,kontrol,dip,0.66,0.092,2.45,2.86,2.86,+2%,False,484
2026-06-02,TRILC,kontrol,dip,0.22,0.101,2.47,0.0,0.0,stop/<1%,False,484
2026-05-15,TTRAK,kontrol,dip,0.73,0.173,472.0,0.64,0.64,stop/<1%,False,222
2026-05-18,TTRAK,kontrol,dip,0.53,0.161,469.25,0.69,0.69,stop/<1%,True,480
2026-05-20,TTRAK,kontrol,dip,0.79,0.104,457.0,0.0,0.0,stop/<1%,False,459
2026-05-21,TTRAK,kontrol,dip,0.39,0.072,450.0,1.11,1.11,+1%,True,447
2026-05-22,TTRAK,kontrol,dip,1.99,-0.038,426.0,6.75,6.75,+5%+,False,475
2026-06-01,TTRAK,kontrol,dip,0.56,0.107,449.25,0.89,0.89,stop/<1%,False,471
2026-06-02,TTRAK,kontrol,dip,0.48,0.111,450.25,1.55,1.55,+1%,False,467
2026-06-03,TTRAK,kontrol,dip,0.53,0.141,457.0,0.0,0.0,stop/<1%,False,454
2026-05-20,TUCLK,kontrol,dip,1.07,0.106,4.28,1.17,1.17,+1%,True,477
2026-05-22,TUCLK,kontrol,dip,1.95,0.026,4.0,6.75,6.75,+5%+,False,468
2026-05-25,TUCLK,kontrol,dip,1.75,0.123,4.34,2.53,2.53,+2%,False,471
2026-06-01,TUCLK,kontrol,dip,0.25,0.158,4.46,4.48,4.48,+4%,False,472
2026-06-05,TUCLK,kontrol,dip,0.16,0.175,4.52,0.22,0.22,stop/<1%,True,442
2026-05-18,TUKAS,kontrol,dip,0.27,0.187,2.6,0.0,0.0,stop/<1%,True,484
2026-05-20,TUKAS,kontrol,dip,0.74,0.134,2.49,0.4,0.4,stop/<1%,True,485
2026-05-21,TUKAS,kontrol,dip,0.66,0.105,2.43,0.82,0.82,stop/<1%,True,465
2026-05-22,TUKAS,kontrol,dip,1.42,0.019,2.25,8.89,8.89,+5%+,False,485
2026-05-25,TUKAS,kontrol,dip,0.11,0.11,2.44,1.64,1.64,+1%,False,476
2026-06-01,TUKAS,kontrol,dip,0.16,0.105,2.43,2.47,2.47,+2%,False,480
2026-06-02,TUKAS,kontrol,dip,0.13,0.105,2.43,2.06,2.06,+2%,False,479
2026-06-03,TUKAS,kontrol,dip,0.08,0.129,2.48,0.4,0.4,stop/<1%,False,481
2026-06-04,TUKAS,kontrol,dip,0.24,0.115,2.45,0.82,0.82,stop/<1%,False,482
2026-05-18,TUREX,kontrol,dip,0.35,0.103,8.46,1.42,1.42,+1%,False,484
2026-05-20,TUREX,kontrol,dip,0.3,0.1,8.35,3.47,3.47,+3%,False,483
2026-05-21,TUREX,kontrol,dip,0.53,0.098,8.3,0.48,0.48,stop/<1%,True,460
2026-05-22,TUREX,kontrol,dip,2.11,0.073,7.84,3.32,3.32,+3%,False,483
2026-05-25,TUREX,kontrol,dip,0.32,0.086,8.09,7.54,7.54,+5%+,False,479
2026-06-01,TUREX,kontrol,dip,0.29,0.104,8.3,2.29,2.29,+2%,False,484
2026-06-02,TUREX,kontrol,dip,0.59,0.098,8.21,0.97,0.97,stop/<1%,False,480
2026-06-03,TUREX,kontrol,dip,0.33,0.101,8.25,9.94,9.94,+5%+,False,484
2026-06-05,TUREX,kontrol,dip,0.37,0.122,8.63,0.46,0.46,stop/<1%,True,484
2026-05-22,ULUFA,kontrol,dip,0.88,0.18,3.62,6.35,6.35,+5%+,False,437
2026-05-21,ULUSE,kontrol,taze_kirilim,2.09,0.939,288.25,7.63,0.0,stop/<1%,True,456
2026-05-22,ULUSE,kontrol,taze_kirilim,1.4,0.839,280.0,14.2,14.2,+5%+,False,481
2026-06-01,ULUSE,kontrol,taze_kirilim,0.07,0.899,338.0,8.65,8.65,+5%+,False,480
2026-05-15,UNLU,kontrol,dip,1.1,0.196,13.84,0.94,0.94,stop/<1%,False,347
2026-05-15,USAK,kontrol,dip,1.49,0.06,1.68,0.6,0.6,stop/<1%,False,243
2026-05-18,USAK,kontrol,dip,2.07,0.054,1.66,0.6,0.6,stop/<1%,False,466
2026-05-20,USAK,kontrol,dip,1.08,0.044,1.63,1.23,1.23,+1%,True,482
2026-05-21,USAK,kontrol,dip,0.26,0.034,1.6,0.63,0.63,stop/<1%,True,451
2026-05-22,USAK,kontrol,dip,0.61,-0.01,1.45,9.66,9.66,+5%+,False,467
2026-05-25,USAK,kontrol,dip,0.26,0.04,1.57,1.27,1.27,+1%,False,448
2026-06-01,USAK,kontrol,dip,0.25,0.053,1.61,1.24,1.24,+1%,False,456
2026-06-02,USAK,kontrol,dip,0.29,0.05,1.6,1.25,1.25,+1%,False,461
2026-06-03,USAK,kontrol,dip,0.25,0.057,1.62,0.62,0.62,stop/<1%,False,458
2026-06-04,USAK,kontrol,dip,0.28,0.047,1.59,1.26,1.26,+1%,False,462
2026-05-22,VAKFN,kontrol,dip,0.45,0.162,1.59,6.92,6.92,+5%+,False,473
2026-05-18,VBTYZ,kontrol,taze_kirilim,0.44,0.885,24.74,8.81,8.81,+5%+,False,367
2026-06-02,VBTYZ,kontrol,taze_kirilim,1.96,1.043,29.7,6.26,6.26,+5%+,False,482
2026-05-22,VERUS,sinyal,taze_kirilim,10.41,0.967,573.0,4.71,4.71,+4%,False,267
2026-06-02,VERUS,kontrol,taze_kirilim,1.29,0.947,577.0,5.89,5.89,+5%+,False,248
2026-05-18,VESBE,kontrol,dip,0.69,0.037,7.15,0.0,0.0,stop/<1%,False,472
2026-05-22,VESBE,kontrol,dip,1.88,-0.008,6.52,3.68,3.68,+3%,False,476
2026-05-25,VESBE,kontrol,dip,0.67,0.03,6.75,1.19,1.19,+1%,False,456
2026-06-05,VESBE,kontrol,dip,0.54,0.035,6.79,0.0,0.0,stop/<1%,False,459
2026-05-15,VRGYO,kontrol,dip,2.97,0.111,2.34,1.28,1.28,+1%,False,442
2026-05-18,VRGYO,kontrol,dip,1.09,0.09,2.29,0.44,0.44,stop/<1%,False,415
2026-05-20,VRGYO,kontrol,dip,1.03,0.081,2.27,0.44,0.44,stop/<1%,True,471
2026-05-22,VRGYO,kontrol,dip,2.83,0.004,2.09,3.35,3.35,+3%,False,477
2026-05-25,VRGYO,kontrol,dip,0.65,0.034,2.15,2.33,2.33,+2%,False,432
2026-06-01,VRGYO,kontrol,dip,0.28,0.06,2.21,3.62,3.62,+3%,False,446
2026-06-03,VRGYO,kontrol,dip,0.25,0.085,2.27,0.0,0.0,stop/<1%,True,412
2026-05-22,VSNMD,kontrol,dip,1.59,0.005,75.5,6.23,6.23,+5%+,False,475
2026-06-01,VSNMD,kontrol,dip,0.16,0.012,81.45,9.21,9.21,+5%+,False,464
2026-06-02,VSNMD,kontrol,dip,0.59,0.023,89.85,8.79,8.79,+5%+,False,483
2026-06-03,VSNMD,kontrol,dip,2.93,0.034,98.8,4.25,4.25,+4%,True,484
2026-06-04,VSNMD,kontrol,dip,0.39,0.03,95.4,3.72,3.72,+3%,True,474
2026-05-22,YAYLA,kontrol,dip,0.57,0.12,23.5,14.72,14.72,+5%+,False,410
2026-05-18,YEOTK,kontrol,taze_kirilim,0.76,0.955,106.3,5.46,0.0,stop/<1%,True,474
2026-05-20,YEOTK,kontrol,taze_kirilim,0.91,1.003,112.3,5.97,1.69,+1%,True,484
2026-05-25,YEOTK,kontrol,taze_kirilim,1.24,0.977,117.0,5.64,5.64,+5%+,False,484
2026-06-03,YEOTK,kontrol,taze_kirilim,0.23,1.002,123.8,0.16,0.16,stop/<1%,True,475
2026-05-22,YIGIT,kontrol,dip,1.13,0.156,22.72,4.93,4.93,+4%,False,480
2026-06-02,YUNSA,kontrol,taze_kirilim,0.29,0.903,10.57,5.96,5.96,+5%+,False,480
2026-06-01,ZRGYO,kontrol,dip,1.55,0.001,16.4,0.43,0.43,stop/<1%,True,464
2026-06-02,ZRGYO,kontrol,dip,0.63,0.081,15.68,4.78,4.78,+4%,False,475
2026-06-03,ZRGYO,kontrol,dip,1.92,0.151,16.45,8.81,8.81,+5%+,False,475
2026-06-05,ZRGYO,kontrol,dip,1.04,0.197,16.96,1.53,1.53,+1%,False,433
