tarih,hisse,grup,giris,cikis,sebep,getiri_%,poz_tl,tl_kar
2026-06-01,IDGYO,orta,4.23,4.3569,hedef,2.97,50000.0,1485.0
2026-06-01,NUGYO,orta,10.41,10.0977,stop,-3.03,50000.0,-1515.0
2026-06-02,ERBOS,orta,202.5,196.425,stop,-3.03,19994.0,-606.0
2026-06-02,HRKET,tepe,100.0,97.0,stop,-3.03,19994.0,-606.0
2026-06-02,KLSER,orta,31.48,30.5356,stop,-3.03,19994.0,-606.0
2026-06-02,MEPET,orta,24.08,24.8024,hedef,2.97,19994.0,594.0
2026-06-02,PAMEL,orta,93.75,90.9375,stop,-3.03,19994.0,-606.0
2026-06-03,AKMGY,orta,294.5,285.665,stop,-3.03,10905.0,-330.0
2026-06-03,BARMA,tepe,60.2,60.3,gun_sonu,0.13,10905.0,14.0
2026-06-03,BINBN,orta,197.0,191.09,stop,-3.03,10905.0,-330.0
2026-06-03,BLCYT,orta,44.16,42.8352,stop,-3.03,10905.0,-330.0
2026-06-03,KNFRT,orta,15.04,15.4912,hedef,2.97,10905.0,324.0
2026-06-03,MEPET,orta,25.88,26.6564,hedef,2.97,10905.0,324.0
2026-06-03,MSGYO,orta,6.7,6.499,stop,-3.03,10905.0,-330.0
2026-06-03,NUGYO,orta,11.29,10.9513,stop,-3.03,10905.0,-330.0
2026-06-03,OZGYO,orta,2.18,2.1146,stop,-3.03,10905.0,-330.0
2026-06-04,ARTMS,orta,48.84,50.3052,hedef,2.97,9682.0,288.0
2026-06-04,CGCAM,tepe,46.0,44.62,stop,-3.03,9682.0,-293.0
2026-06-04,CUSAN,orta,28.78,27.9166,stop,-3.03,9682.0,-293.0
2026-06-04,DIRIT,orta,23.76,24.4728,hedef,2.97,9682.0,288.0
2026-06-04,EKIZ,orta,81.65,84.0995,hedef,2.97,9682.0,288.0
2026-06-04,HRKET,tepe,116.7,120.201,hedef,2.97,9682.0,288.0
2026-06-04,KNFRT,orta,16.69,17.1907,hedef,2.97,9682.0,288.0
2026-06-04,LUKSK,orta,118.7,115.139,stop,-3.03,9682.0,-293.0
2026-06-04,MAKIM,orta,19.59,19.0023,stop,-3.03,9682.0,-293.0
2026-06-04,UFUK,orta,1387.0,1345.39,stop,-3.03,9682.0,-293.0
2026-06-05,AVGYO,orta,14.0,13.58,stop,-3.03,16132.0,-489.0
2026-06-05,AVHOL,orta,51.8,53.354,hedef,2.97,16132.0,479.0
2026-06-05,BARMA,tepe,59.1,60.873,hedef,2.97,16132.0,479.0
2026-06-05,DITAS,orta,43.6,42.292,stop,-3.03,16132.0,-489.0
2026-06-05,ISKPL,orta,15.21,15.6663,hedef,2.97,16132.0,479.0
2026-06-05,ULUFA,orta,2.0,2.06,hedef,2.97,16132.0,479.0
2026-06-08,MMCAS,orta,58.95,60.7185,hedef,2.97,32577.0,968.0
2026-06-08,MRSHL,orta,1599.0,1558.0,gun_sonu,-2.6,32577.0,-847.0
2026-06-08,ORCAY,orta,4.05,4.1715,hedef,2.97,32577.0,968.0
2026-06-09,AKFYE,tepe,29.0,28.13,stop,-3.03,14117.0,-428.0
2026-06-09,AVGYO,orta,15.2,14.744,stop,-3.03,14117.0,-428.0
2026-06-09,EGGUB,orta,110.5,113.815,hedef,2.97,14117.0,419.0
2026-06-09,EKIZ,orta,78.2,80.546,hedef,2.97,14117.0,419.0
2026-06-09,KUVVA,tepe,166.0,161.02,stop,-3.03,14117.0,-428.0
2026-06-09,MEGMT,orta,78.5,80.855,hedef,2.97,14117.0,419.0
2026-06-09,RAYSG,orta,204.4,198.268,stop,-3.03,14117.0,-428.0
2026-06-10,A1CAP,orta,11.12,10.7864,stop,-3.03,16394.0,-497.0
2026-06-10,DAGI,orta,6.43,6.6229,hedef,2.97,16394.0,487.0
2026-06-10,DERIM,tepe,44.5,43.165,stop,-3.03,16394.0,-497.0
2026-06-10,GSDDE,orta,16.01,15.5297,stop,-3.03,16394.0,-497.0
2026-06-10,GSDHO,tepe,6.79,6.5863,stop,-3.03,16394.0,-497.0
2026-06-10,LYDYE,orta,15020.0,14569.4,stop,-3.03,16394.0,-497.0
2026-06-11,ANGEN,orta,12.64,12.2608,stop,-3.03,10708.0,-324.0
2026-06-11,BRISA,orta,85.15,87.7045,hedef,2.97,10708.0,318.0
2026-06-11,BRKSN,orta,8.06,7.8182,stop,-3.03,10708.0,-324.0
2026-06-11,DNISI,orta,21.78,22.4334,hedef,2.97,10708.0,318.0
2026-06-11,GOODY,orta,15.11,15.5633,hedef,2.97,10708.0,318.0
2026-06-11,KRGYO,orta,2.93,3.0179,hedef,2.97,10708.0,318.0
2026-06-11,MERKO,orta,1.98,2.0394,hedef,2.97,10708.0,318.0
2026-06-11,OFSYM,orta,64.8,66.744,hedef,2.97,10708.0,318.0
2026-06-11,RTALB,orta,4.03,3.9091,stop,-3.03,10708.0,-324.0
2026-06-12,BRKSN,orta,8.03,7.97,gun_sonu,-0.78,9730.0,-76.0
2026-06-12,BRKVY,orta,102.0,105.06,hedef,2.97,9730.0,289.0
2026-06-12,EDATA,orta,17.54,18.0662,hedef,2.97,9730.0,289.0
2026-06-12,FZLGY,tepe,18.2,18.746,hedef,2.97,9730.0,289.0
2026-06-12,ICUGS,orta,4.47,4.3359,stop,-3.03,9730.0,-295.0
2026-06-12,LYDYE,orta,13995.0,13575.15,stop,-3.03,9730.0,-295.0
2026-06-12,OSTIM,orta,2.33333078,2.4033,hedef,2.97,9730.0,289.0
2026-06-12,SDTTR,orta,245.0,252.35,hedef,2.97,9730.0,289.0
2026-06-12,VKGYO,orta,2.71,2.73,gun_sonu,0.71,9730.0,69.0
2026-06-12,ZRGYO,orta,17.5,16.975,stop,-3.03,9730.0,-295.0
2026-06-15,ALBRK,orta,9.1,8.83,gun_sonu,-3.0,12232.0,-367.0
2026-06-15,BIZIM,orta,27.16,27.38,gun_sonu,0.78,12232.0,95.0
2026-06-15,DENGE,orta,2.42,2.47,gun_sonu,2.03,12232.0,248.0
2026-06-15,ENERY,orta,9.88,10.1764,hedef,2.97,12232.0,363.0
2026-06-15,INVES,orta,662.5,682.375,hedef,2.97,12232.0,363.0
2026-06-15,KARTN,orta,127.0,126.1,gun_sonu,-0.74,12232.0,-91.0
2026-06-15,PAMEL,orta,89.95,89.95,gun_sonu,-0.03,12232.0,-4.0
2026-06-15,VKGYO,orta,2.76,2.82,gun_sonu,2.14,12232.0,262.0
2026-06-16,AVTUR,orta,17.5,17.15,gun_sonu,-2.03,9873.0,-200.0
2026-06-16,BRKO,tepe,16.63,16.62,gun_sonu,-0.09,9873.0,-9.0
2026-06-16,DENGE,orta,2.67,2.5899,stop,-3.03,9873.0,-299.0
2026-06-16,DNISI,tepe,23.7,22.989,stop,-3.03,9873.0,-299.0
2026-06-16,FRIGO,orta,2.79,2.7063,stop,-3.03,9873.0,-299.0
2026-06-16,ISGSY,orta,116.7,113.199,stop,-3.03,9873.0,-299.0
2026-06-16,KTSKR,orta,101.0,104.03,hedef,2.97,9873.0,293.0
2026-06-16,PAMEL,orta,92.65,89.8705,stop,-3.03,9873.0,-299.0
2026-06-16,PARSN,orta,93.0,95.79,hedef,2.97,9873.0,293.0
2026-06-16,SKTAS,orta,3.81,3.9243,hedef,2.97,9873.0,293.0
2026-06-17,ALGYO,orta,4.75,4.8925,hedef,2.97,12238.0,363.0
2026-06-17,ATEKS,orta,130.0,130.3,gun_sonu,0.2,12238.0,24.0
2026-06-17,GATEG,orta,294.0,290.5,gun_sonu,-1.22,12238.0,-149.0
2026-06-17,NETAS,orta,71.95,69.7915,stop,-3.03,12238.0,-371.0
2026-06-17,SKTAS,orta,4.13,4.0061,stop,-3.03,12238.0,-371.0
2026-06-17,SOKE,orta,17.37,16.8489,stop,-3.03,12238.0,-371.0
2026-06-17,SONME,orta,132.6,136.578,hedef,2.97,12238.0,363.0
2026-06-17,VERTU,orta,47.8,46.366,stop,-3.03,12238.0,-371.0
2026-06-18,AYEN,tepe,45.8,44.426,stop,-3.03,9702.0,-294.0
2026-06-18,BASGZ,orta,48.18,49.6254,hedef,2.97,9702.0,288.0
2026-06-18,BMSTL,orta,97.3,96.0,gun_sonu,-1.37,9702.0,-133.0
2026-06-18,BRKO,tepe,15.0,15.4,gun_sonu,2.63,9702.0,255.0
2026-06-18,BRMEN,tepe,13.62,14.0286,hedef,2.97,9702.0,288.0
2026-06-18,INFO,orta,4.51,4.6453,hedef,2.97,9702.0,288.0
2026-06-18,IZINV,orta,71.8,69.646,stop,-3.03,9702.0,-294.0
2026-06-18,OYYAT,orta,50.65,52.1695,hedef,2.97,9702.0,288.0
2026-06-18,PRKME,orta,19.66,20.2498,hedef,2.97,9702.0,288.0
2026-06-18,TURGG,orta,31.84,30.8848,stop,-3.03,9702.0,-294.0
2026-06-19,ATEKS,orta,143.3,139.001,stop,-3.03,8142.0,-247.0
2026-06-19,BRKO,tepe,16.0,16.0,gun_sonu,-0.03,8142.0,-2.0
2026-06-19,BRMEN,tepe,16.34,16.34,gun_sonu,-0.03,8142.0,-2.0
2026-06-19,DMSAS,orta,9.5,9.785,hedef,2.97,8142.0,242.0
2026-06-19,FRIGO,orta,1.84,1.8952,hedef,2.97,8142.0,242.0
2026-06-19,INFO,orta,4.98,5.1294,hedef,2.97,8142.0,242.0
2026-06-19,ISGSY,orta,125.0,128.75,hedef,2.97,8142.0,242.0
2026-06-19,KLYPV,orta,66.1,64.117,stop,-3.03,8142.0,-247.0
2026-06-19,LYDYE,orta,13862.5,14278.375,hedef,2.97,8142.0,242.0
2026-06-19,OZATD,orta,1532.0,1577.96,hedef,2.97,8142.0,242.0
2026-06-19,SNICA,orta,4.24,4.15,gun_sonu,-2.16,8142.0,-176.0
2026-06-19,YAYLA,orta,28.82,27.9554,stop,-3.03,8142.0,-247.0
2026-06-22,BAKAB,tepe,56.35,58.0405,hedef,2.97,12279.0,365.0
2026-06-22,BOBET,orta,20.98,20.3506,stop,-3.03,12279.0,-372.0
2026-06-22,DGGYO,tepe,46.0,44.62,stop,-3.03,12279.0,-372.0
2026-06-22,DMRGD,tepe,11.08,11.4124,hedef,2.97,12279.0,365.0
2026-06-22,ISFIN,tepe,20.98,20.66,gun_sonu,-1.56,12279.0,-192.0
2026-06-22,MTRYO,orta,11.42,11.7626,hedef,2.97,12279.0,365.0
2026-06-22,PSDTC,orta,130.2,130.7,gun_sonu,0.35,12279.0,43.0
2026-06-22,SEKUR,orta,8.37,8.6211,hedef,2.97,12279.0,365.0
2026-06-23,AYDEM,orta,27.38,26.5586,stop,-3.03,10978.0,-333.0
2026-06-23,BALSU,orta,16.12,16.6036,hedef,2.97,10978.0,326.0
2026-06-23,BRMEN,tepe,19.76,19.76,gun_sonu,-0.03,10978.0,-3.0
2026-06-23,IHGZT,orta,1.47,1.4259,stop,-3.03,10978.0,-333.0
2026-06-23,INGRM,orta,412.75,413.0,gun_sonu,0.03,10978.0,3.0
2026-06-23,KBORU,tepe,26.0,25.22,stop,-3.03,10978.0,-333.0
2026-06-23,MOGAN,tepe,15.23,15.36,gun_sonu,0.82,10978.0,90.0
2026-06-23,PAMEL,orta,94.0,96.82,hedef,2.97,10978.0,326.0
2026-06-23,PSDTC,orta,134.7,138.741,hedef,2.97,10978.0,326.0
2026-06-24,BRMEN,tepe,21.72,21.72,gun_sonu,-0.03,24717.0,-7.0
2026-06-24,INFO,tepe,6.69,6.69,gun_sonu,-0.03,24717.0,-7.0
2026-06-24,PAMEL,orta,105.0,108.15,hedef,2.97,24717.0,734.0
2026-06-24,SILVR,orta,2.79,2.8737,hedef,2.97,24717.0,734.0
2026-06-25,GOODY,tepe,23.0,23.69,hedef,2.97,20064.0,596.0
2026-06-25,INFO,tepe,7.35,7.35,gun_sonu,-0.03,20064.0,-6.0
2026-06-25,INVEO,orta,8.46,8.7138,hedef,2.97,20064.0,596.0
2026-06-25,OSMEN,orta,9.1,9.373,hedef,2.97,20064.0,596.0
2026-06-25,UNLU,orta,14.0,13.58,stop,-3.03,20064.0,-608.0
2026-06-26,BALSU,orta,18.48,19.0344,hedef,2.97,12687.0,377.0
2026-06-26,DITAS,orta,31.32,32.2596,hedef,2.97,12687.0,377.0
2026-06-26,GLBMD,orta,14.33,13.9001,stop,-3.03,12687.0,-384.0
2026-06-26,INFO,tepe,7.0,7.21,hedef,2.97,12687.0,377.0
2026-06-26,PRZMA,orta,49.5,48.015,stop,-3.03,12687.0,-384.0
2026-06-26,SNICA,orta,4.8,4.944,hedef,2.97,12687.0,377.0
2026-06-26,TERA,orta,160.9,165.727,hedef,2.97,12687.0,377.0
2026-06-26,VKFYO,orta,27.98,28.8194,hedef,2.97,12687.0,377.0
2026-06-29,AKCNS,orta,207.0,207.0,gun_sonu,-0.03,10299.0,-3.0
2026-06-29,BESLR,orta,14.3,13.871,stop,-3.03,10299.0,-312.0
2026-06-29,DZGYO,orta,8.87,8.6039,stop,-3.03,10299.0,-312.0
2026-06-29,ICBCT,orta,22.14,21.4758,stop,-3.03,10299.0,-312.0
2026-06-29,ISFIN,tepe,20.58,19.9626,stop,-3.03,10299.0,-312.0
2026-06-29,MRSHL,orta,1910.0,1967.3,hedef,2.97,10299.0,306.0
2026-06-29,PRKME,orta,21.02,20.3894,stop,-3.03,10299.0,-312.0
2026-06-29,PRZMA,tepe,57.6,57.6,gun_sonu,-0.03,10299.0,-3.0
2026-06-29,SNICA,orta,5.04,4.8888,stop,-3.03,10299.0,-312.0
2026-06-29,ZEDUR,orta,10.34,10.6502,hedef,2.97,10299.0,306.0
2026-06-30,AHSGY,orta,20.4,19.788,stop,-3.03,5984.0,-181.0
2026-06-30,AKCNS,tepe,227.7,227.7,gun_sonu,-0.03,5984.0,-2.0
2026-06-30,AKFIS,tepe,79.35,76.9695,stop,-3.03,5984.0,-181.0
2026-06-30,BARMA,tepe,72.7,70.519,stop,-3.03,5984.0,-181.0
2026-06-30,CEOEM,orta,26.5,25.705,stop,-3.03,5984.0,-181.0
2026-06-30,DMRGD,tepe,11.21,11.5463,hedef,2.97,5984.0,178.0
2026-06-30,DOFRB,tepe,189.6,183.912,stop,-3.03,5984.0,-181.0
2026-06-30,EFOR,orta,14.08,14.5024,hedef,2.97,5984.0,178.0
2026-06-30,INVEO,orta,8.85,8.5845,stop,-3.03,5984.0,-181.0
2026-06-30,ISYAT,orta,8.67,8.4099,stop,-3.03,5984.0,-181.0
2026-06-30,KLMSN,orta,35.28,34.2216,stop,-3.03,5984.0,-181.0
2026-06-30,MRSHL,tepe,2088.0,2025.36,stop,-3.03,5984.0,-181.0
2026-06-30,PATEK,orta,23.98,23.2606,stop,-3.03,5984.0,-181.0
2026-06-30,SDTTR,orta,269.0,264.5,gun_sonu,-1.71,5984.0,-102.0
2026-06-30,SEKUR,orta,10.43,10.43,gun_sonu,-0.03,5984.0,-2.0
2026-06-30,TATEN,orta,14.33,13.9001,stop,-3.03,5984.0,-181.0
2026-06-30,TLMAN,orta,95.95,93.0715,stop,-3.03,5984.0,-181.0
