tarih,hisse,grup,kat,tf,giris,tp,sl,cikis,cikis_saat,sebep,durum,getiri_%,max_fiyat,min_fiyat,max_%,min_%,max_saat,min_saat
2026-06-01,HRKET,kirilim,6.3,15dk,96.5,99.395,93.605,96.5,18:00,gun_sonu,ZARAR,-0.03,96.5,96.5,0.0,0.0,18:00,18:00
2026-06-02,DERHL,dip,8.1,15dk,15.42,15.8826,14.9574,15.8826,10:00,hedef,KAR,2.97,16.0,13.88,3.76,-9.99,10:00,16:30
2026-06-02,KRVGD,kirilim,5.4,15dk,3.4,3.502,3.298,3.502,12:45,hedef,KAR,2.97,3.57,3.26,5.0,-4.12,13:00,18:00
2026-06-03,CGCAM,kirilim,6.6,15dk,46.42,47.8126,45.0274,47.8126,10:00,hedef,KAR,2.97,49.28,43.46,6.16,-6.38,10:00,18:00
2026-06-03,KARTN,kirilim,7.7,15dk,130.3,134.209,126.391,134.209,10:00,hedef,KAR,2.97,136.7,128.0,4.91,-1.77,18:00,10:00
2026-06-04,TUREX,dip,5.1,15dk,9.2,9.476,8.924,9.476,10:30,hedef,KAR,2.97,9.9,8.54,7.61,-7.17,10:45,17:30
2026-06-05,CMBTN,dip,19.5,15dk,1595.0,1642.85,1547.15,1596.0,18:00,gun_sonu,KAR,0.03,1637.0,1589.0,2.63,-0.38,11:30,10:00
2026-06-05,EMKEL,dip,9.8,15dk,25.96,26.7388,25.1812,25.1812,10:15,stop,ZARAR,-3.03,26.02,22.7,0.23,-12.56,10:00,17:45
2026-06-05,KRTEK,dip,6.5,1dk,24.82,25.5646,24.0754,24.68,18:08,gun_sonu,ZARAR,-0.6,24.96,24.62,0.56,-0.81,10:03,11:28
2026-06-08,AKFYE,kirilim,20.5,15dk,26.0,26.78,25.22,26.78,10:00,hedef,KAR,2.97,27.68,26.0,6.46,0.0,18:00,10:00
2026-06-08,DERHL,dip,7.5,15dk,14.2,14.626,13.774,13.774,11:00,stop,ZARAR,-3.03,14.24,13.66,0.28,-3.8,10:00,15:45
2026-06-08,POLTK,dip,9.1,15dk,5270.0,5428.1,5111.9,5111.9,10:15,stop,ZARAR,-3.03,5272.5,4980.0,0.05,-5.5,10:00,11:30
2026-06-08,SEKUR,kirilim,14.9,15dk,8.06,8.3018,7.8182,8.3018,11:00,hedef,KAR,2.97,8.86,7.81,9.93,-3.1,17:45,10:00
2026-06-09,DIRIT,dip,9.2,1dk,22.92,23.6076,22.2324,23.6076,12:55,hedef,KAR,2.97,26.84,23.0,17.1,0.35,12:55,17:55
2026-06-09,IHLAS,dip,9.1,15dk,1.46,1.5038,1.4162,1.4162,10:15,stop,ZARAR,-3.03,1.47,1.34,0.68,-8.22,10:00,15:45
2026-06-09,SEKUR,kirilim,8.8,15dk,8.96,9.2288,8.6912,9.2288,10:00,hedef,KAR,2.97,9.4,8.54,4.91,-4.69,17:00,10:15
2026-06-10,AYEN,kirilim,17.7,15dk,38.92,40.0876,37.7524,40.0876,10:00,hedef,KAR,2.97,42.16,37.92,8.32,-2.57,10:15,17:30
2026-06-10,DIRIT,dip,6.5,1dk,22.34,23.0102,21.6698,21.6698,13:55,stop,ZARAR,-3.03,23.0,21.32,2.95,-4.57,12:55,17:55
2026-06-11,BARMA,kirilim,8.9,15dk,67.15,69.1645,65.1355,68.2,18:00,gun_sonu,KAR,1.53,68.7,66.6,2.31,-0.82,16:45,10:15
2026-06-11,KZBGY,dip,7.3,15dk,3.22,3.3166,3.1234,3.1234,10:15,stop,ZARAR,-3.03,3.22,3.02,0.0,-6.21,10:00,15:45
2026-06-11,TRILC,dip,18.2,1dk,1.35,1.3905,1.3095,1.35,18:09,gun_sonu,ZARAR,-0.03,1.35,1.32,0.0,-2.22,18:09,17:55
2026-06-15,INTEK,dip,6.1,1dk,249.7,257.191,242.209,246.4,18:09,gun_sonu,ZARAR,-1.35,247.0,245.0,-1.08,-1.88,12:55,13:55
2026-06-15,MTRKS,kirilim,6.0,1dk,30.74,31.6622,29.8178,29.8178,13:46,stop,ZARAR,-3.03,28.92,27.56,-5.92,-10.34,14:00,17:19
2026-06-15,VBTYZ,kirilim,9.4,1dk,34.94,35.9882,33.8918,33.8918,15:15,stop,ZARAR,-3.03,33.76,31.58,-3.38,-9.62,16:29,15:59
2026-06-15,VERUS,kirilim,7.3,1dk,622.0,640.66,603.34,640.66,10:00,hedef,KAR,2.97,679.5,624.5,9.24,0.4,13:40,10:00
2026-06-16,DGGYO,kirilim,7.3,1dk,34.54,35.5762,33.5038,35.5762,10:13,hedef,KAR,2.97,37.94,33.2,9.84,-3.88,11:13,10:02
2026-06-16,EUKYO,kirilim,8.4,1dk,9.8,10.094,9.506,10.094,10:00,hedef,KAR,2.97,10.61,9.8,8.27,0.0,10:00,10:00
2026-06-18,BANVT,dip,11.1,1dk,162.8,167.684,157.916,157.916,10:15,stop,ZARAR,-3.03,176.8,155.0,8.6,-4.79,13:57,10:01
2026-06-18,IHLAS,dip,6.4,1dk,1.22,1.2566,1.1834,1.2566,13:05,hedef,KAR,2.97,1.26,1.2,3.28,-1.64,14:34,10:11
2026-06-18,YAYLA,dip,11.9,1dk,25.64,26.4092,24.8708,26.4092,10:00,hedef,KAR,2.97,27.34,25.64,6.63,0.0,18:08,10:00
2026-06-19,BIGCH,dip,1576.1,1dk,6.79,6.9937,6.5863,6.9937,10:00,hedef,KAR,2.97,7.7,6.8,13.4,0.15,18:05,10:00
2026-06-22,BORLS,dip,9.8,1dk,6.65,6.8495,6.4505,6.8495,10:00,hedef,KAR,2.97,7.09,6.65,6.62,0.0,18:08,10:00
2026-06-22,ENSRI,dip,17.7,1dk,6.8,7.004,6.596,7.004,10:00,hedef,KAR,2.97,7.31,6.8,7.5,0.0,10:38,18:09
2026-06-22,IHLAS,dip,6.0,1dk,1.23,1.2669,1.1931,1.2669,10:00,hedef,KAR,2.97,1.32,1.22,7.32,-0.81,18:08,10:00
2026-06-23,IHLAS,dip,9.2,1dk,1.37,1.4111,1.3289,1.4111,10:00,hedef,KAR,2.97,1.45,1.28,5.84,-6.57,10:00,18:09
2026-06-23,IHLGM,dip,12.1,1dk,2.07,2.1321,2.0079,2.1321,10:00,hedef,KAR,2.97,2.19,1.95,5.8,-5.8,10:00,17:47
2026-06-23,IHYAY,dip,6.8,1dk,1.86,1.9158,1.8042,1.9158,10:00,hedef,KAR,2.97,1.95,1.7,4.84,-8.6,10:00,17:59
2026-06-24,BORLS,dip,5.9,1dk,7.8,8.034,7.566,8.034,10:14,hedef,KAR,2.97,8.56,7.3,9.74,-6.41,11:20,16:28
2026-06-24,POLTK,dip,15.7,1dk,5097.5,5250.425,4944.575,5005.0,18:08,gun_sonu,ZARAR,-1.85,5097.5,4980.0,0.0,-2.31,10:00,10:17
2026-06-26,ATSYH,kirilim,5.4,1dk,108.0,111.24,104.76,111.24,12:55,hedef,KAR,2.97,113.6,111.0,5.19,2.78,13:55,18:09
2026-06-29,BMSCH,dip,86.2,1dk,14.98,15.4294,14.5306,14.7,18:09,gun_sonu,ZARAR,-1.9,15.3,14.68,2.14,-2.0,10:05,17:59
2026-06-29,FORMT,dip,5.3,1dk,2.24,2.3072,2.1728,2.22,18:08,gun_sonu,ZARAR,-0.93,2.27,2.21,1.34,-1.34,11:13,16:23
2026-06-29,ISGYO,kirilim,8.1,1dk,27.4,28.222,26.578,26.578,10:21,stop,ZARAR,-3.03,28.06,24.62,2.41,-10.15,10:00,18:09
2026-06-29,KOCMT,kirilim,6.8,1dk,3.32,3.4196,3.2204,3.35,18:09,gun_sonu,KAR,0.87,3.4,3.28,2.41,-1.2,10:27,10:00
2026-06-29,KUTPO,dip,5.5,1dk,87.5,90.125,84.875,87.2,18:08,gun_sonu,ZARAR,-0.38,88.95,84.95,1.66,-2.91,10:18,16:35
2026-06-29,MARMR,dip,14.0,1dk,2.72,2.8016,2.6384,2.6384,10:20,stop,ZARAR,-3.03,2.72,2.45,0.0,-9.93,17:24,17:53
2026-06-29,VESBE,dip,48.8,1dk,6.99,7.1997,6.7803,7.1997,10:00,hedef,KAR,2.97,7.4,6.98,5.87,-0.14,18:08,10:00
2026-06-29,VSNMD,dip,5.5,1dk,101.8,104.854,98.746,104.854,10:48,hedef,KAR,2.97,109.1,101.0,7.17,-0.79,17:10,10:07
2026-06-30,FORMT,dip,12.1,1dk,2.19,2.2557,2.1243,2.19,18:08,gun_sonu,ZARAR,-0.03,2.2,2.17,0.46,-0.91,17:59,10:00
2026-06-30,KOCMT,kirilim,7.5,1dk,3.44,3.5432,3.3368,3.5432,10:00,hedef,KAR,2.97,3.68,3.44,6.98,0.0,18:09,10:00
2026-06-30,KRONT,kirilim,18.9,1dk,24.0,24.72,23.28,24.72,16:21,hedef,KAR,2.97,25.28,23.26,5.33,-3.08,16:36,10:03
2026-06-30,PKENT,dip,5.6,1dk,146.3,150.689,141.911,146.0,18:08,gun_sonu,ZARAR,-0.24,148.9,145.5,1.78,-0.55,10:15,17:58
2026-06-30,VESBE,dip,15.4,1dk,7.69,7.9207,7.4593,7.4593,10:15,stop,ZARAR,-3.03,7.75,6.66,0.78,-13.39,10:00,18:09
