hedef_%,hisse,giris_tarih,cikis_tarih,grup,kat,giris,kayitli_sebep,kayitli_cikis,kayitli_getiri_%,kayitli_tl_kar,beklenen_sebep,beklenen_cikis,beklenen_cikis_tarih,gun_kapanis_%,max_gordugu_%,ilk_bar_saat,1dk_gun_low,1dk_gun_high,flags,durum
1,PRZMA,2026-04-24,2026-04-24,tepe,9.0,25.84,stop,25.0648,-3.63,-3633.0,stop,25.0648,2026-04-24,0.0,0.0,09:55,25.02,25.84,tek_bar_wick,SUPHELI_WICK
1,EUKYO,2026-05-04,2026-05-04,orta,43.7,6.99,hedef,7.0599,0.37,177.0,hedef,7.0599,2026-05-04,3.6,5.72,09:55,6.99,7.5,-,OK
1,KUVVA,2026-05-04,2026-05-04,orta,9.0,125.0,stop,121.25,-3.63,-1751.0,stop,121.25,2026-05-04,3.2,0.0,09:55,120.3,129.6,-,OK
1,MTRYO,2026-05-05,2026-05-05,orta,12.5,10.74,stop,10.4178,-3.63,-3444.0,stop,10.4178,2026-05-05,2.0,0.0,09:55,10.06,10.95,-,OK
1,IHYAY,2026-05-06,2026-05-06,dip,9.0,1.83,hedef,1.8483,0.37,335.0,hedef,1.8483,2026-05-06,1.6,1.09,09:55,1.83,1.87,-,OK
1,UFUK,2026-05-07,2026-05-07,orta,121.9,1482.0,hedef,1496.82,0.37,336.0,hedef,1496.82,2026-05-07,-2.6,1.15,10:00,1442.0,1500.0,-,OK
1,IDGYO,2026-05-11,2026-05-11,orta,8.9,3.63,stop,3.5211,-3.63,-3343.0,stop,3.5211,2026-05-11,4.7,0.0,09:55,3.45,3.96,-,OK
1,DMSAS,2026-05-12,2026-05-12,orta,10.7,9.08,hedef,9.1708,0.37,163.0,hedef,9.1708,2026-05-12,0.6,1.1,09:55,9.08,9.32,-,OK
1,ERBOS,2026-05-12,2026-05-12,kirilim,17.0,217.9,hedef,220.079,0.37,163.0,hedef,220.079,2026-05-12,-2.4,1.01,09:55,212.7,226.0,-,OK
1,ETYAT,2026-05-13,2026-05-13,orta,10.1,8.0,hedef,8.08,0.37,327.0,hedef,8.08,2026-05-13,1.4,1.25,09:55,7.92,8.2,-,OK
1,ALCAR,2026-05-14,2026-05-14,dip,32.9,771.5,hedef,779.215,0.37,328.0,hedef,779.215,2026-05-14,0.7,1.69,10:00,770.5,786.0,-,OK
1,CRDFA,2026-05-15,2026-05-15,tepe,40.9,36.2,hedef,36.562,0.37,110.0,hedef,36.562,2026-05-15,3.6,2.1,09:55,36.0,38.06,-,OK
1,MAALT,2026-05-15,2026-05-15,orta,18.1,1163.0,hedef,1174.63,0.37,110.0,hedef,1174.63,2026-05-15,-7.3,1.29,09:55,1039.0,1178.0,-,OK
1,YGGYO,2026-05-15,2026-05-15,tepe,13.3,235.0,hedef,237.35,0.37,110.0,hedef,237.35,2026-05-15,1.2,1.83,09:55,232.1,243.4,-,OK
1,ARMGD,2026-05-18,2026-05-18,orta,39.6,117.4,hedef,118.574,0.37,41.0,hedef,118.574,2026-05-18,7.0,3.41,09:55,116.6,141.7,-,OK
1,BESLR,2026-05-18,2026-05-18,orta,8.6,16.35,stop,15.8595,-3.63,-409.0,stop,15.8595,2026-05-18,-2.6,0.92,09:55,15.71,16.5,-,OK
1,EGEPO,2026-05-18,2026-05-18,tepe,13.0,19.1,hedef,19.291,0.37,41.0,hedef,19.291,2026-05-18,0.4,1.05,09:55,18.64,19.3,-,OK
1,GSDHO,2026-05-18,2026-05-18,kirilim,8.1,6.0,hedef,6.06,0.37,41.0,hedef,6.06,2026-05-18,-10.7,4.83,09:55,5.36,6.31,-,OK
1,ISGYO,2026-05-18,2026-05-18,orta,10.3,21.08,hedef,21.2908,0.37,41.0,hedef,21.2908,2026-05-18,0.1,1.04,09:55,20.5,21.52,-,OK
1,ISSEN,2026-05-18,2026-05-18,kirilim,119.0,10.04,hedef,10.1404,0.37,41.0,hedef,10.1404,2026-05-18,4.8,3.09,09:55,9.97,10.52,-,OK
1,TGSAS,2026-05-18,2026-05-18,orta,50.4,188.0,hedef,189.88,0.37,41.0,hedef,189.88,2026-05-18,0.4,2.77,09:55,182.8,197.8,-,OK
1,YATAS,2026-05-18,2026-05-18,tepe,8.7,47.66,stop,46.2302,-3.63,-409.0,stop,46.2302,2026-05-18,-6.6,0.0,09:55,44.28,47.66,-,OK
1,EKSUN,2026-05-20,2026-05-20,kirilim,9.8,7.4,hedef,7.474,0.37,30.0,hedef,7.474,2026-05-20,4.5,1.35,09:55,7.3,7.9,-,OK
1,GUNDG,2026-05-20,2026-05-21,tepe,11.2,998.0,hedef,1007.98,0.37,30.0,hedef,1007.98,2026-05-21,0.0,9.92,09:55,998.0,998.0,-,OK
1,ICBCT,2026-05-20,2026-05-20,tepe,24.6,21.0,stop,20.37,-3.63,-295.0,stop,20.37,2026-05-20,-8.5,0.67,09:55,18.84,21.14,-,OK
1,ISSEN,2026-05-20,2026-05-20,tepe,34.3,11.1,hedef,11.211,0.37,30.0,hedef,11.211,2026-05-20,-10.0,1.44,09:55,9.53,11.44,-,OK
1,KFEIN,2026-05-20,2026-05-20,orta,86.6,10.6,hedef,10.706,0.37,30.0,hedef,10.706,2026-05-20,-9.0,1.98,09:55,9.55,11.15,-,OK
1,LKMNH,2026-05-20,2026-05-20,dip,17.0,15.2,hedef,15.352,0.37,30.0,hedef,15.352,2026-05-20,3.4,3.09,09:55,15.2,15.99,-,OK
1,PCILT,2026-05-20,2026-05-20,tepe,23.5,35.42,stop,34.3574,-3.63,-295.0,stop,34.3574,2026-05-20,-6.8,0.0,09:55,33.0,35.42,-,OK
1,SANFM,2026-05-20,2026-05-20,orta,17.3,8.35,hedef,8.4335,0.37,30.0,hedef,8.4335,2026-05-20,-2.4,1.92,09:55,8.01,8.59,-,OK
1,SMART,2026-05-20,2026-05-20,orta,8.8,36.76,hedef,37.1276,0.37,30.0,hedef,37.1276,2026-05-20,-2.1,1.85,09:55,35.52,40.1,-,OK
1,UFUK,2026-05-20,2026-05-20,orta,11.3,1446.0,stop,1402.62,-3.63,-295.0,stop,1402.62,2026-05-20,-5.7,0.0,09:55,1324.0,1446.0,-,OK
1,VBTYZ,2026-05-20,2026-05-20,tepe,9.6,27.78,hedef,28.0578,0.37,30.0,hedef,28.0578,2026-05-20,-8.9,1.3,09:55,25.12,29.1,-,OK
1,BAKAB,2026-05-21,2026-05-21,kirilim,9.4,52.2,stop,50.634,-3.63,-732.0,stop,50.634,2026-05-21,-13.1,0.0,09:55,45.36,52.2,-,OK
1,BIGTK,2026-05-21,2026-05-21,dip,56.0,211.5,hedef,213.615,0.37,74.0,hedef,213.615,2026-05-21,0.3,2.08,09:55,209.0,231.2,-,OK
1,GMTAS,2026-05-21,2026-05-21,tepe,18.4,48.42,stop,46.9674,-3.63,-732.0,stop,46.9674,2026-05-21,-7.3,0.0,09:55,44.88,48.42,-,OK
1,VERTU,2026-05-21,2026-05-21,orta,63.7,42.64,stop,41.3608,-3.63,-732.0,stop,41.3608,2026-05-21,-12.6,0.09,09:55,37.26,42.68,-,OK
1,ADGYO,2026-05-22,2026-05-22,orta,9.4,50.0,hedef,50.5,0.37,40.0,hedef,50.5,2026-05-22,15.2,6.7,09:55,50.0,58.5,-,OK
1,AGYO,2026-05-22,2026-05-22,orta,9.1,8.08,hedef,8.1608,0.37,40.0,hedef,8.1608,2026-05-22,8.9,3.96,09:55,8.08,9.05,-,OK
1,CEMZY,2026-05-22,2026-05-22,orta,9.7,12.0,hedef,12.12,0.37,40.0,hedef,12.12,2026-05-22,13.3,7.67,09:55,12.0,13.6,-,OK
1,INVES,2026-05-22,2026-05-22,orta,13.1,590.0,hedef,595.9,0.37,40.0,hedef,595.9,2026-05-22,3.4,1.19,09:55,589.0,612.0,-,OK
1,KOPOL,2026-05-22,2026-05-22,dip,44.1,5.03,hedef,5.0803,0.37,40.0,hedef,5.0803,2026-05-22,15.1,9.54,09:55,5.03,5.82,-,OK
1,LUKSK,2026-05-22,2026-05-22,orta,10.6,90.1,hedef,91.001,0.37,40.0,hedef,91.001,2026-05-22,8.8,8.6,09:55,90.1,98.75,-,OK
1,RYSAS,2026-05-22,2026-05-22,orta,10.2,19.06,hedef,19.2506,0.37,40.0,hedef,19.2506,2026-05-22,4.9,2.52,09:55,18.78,20.16,-,OK
1,VERUS,2026-05-22,2026-05-22,kirilim,10.4,573.0,hedef,578.73,0.37,40.0,hedef,578.73,2026-05-22,2.3,4.71,09:55,571.0,600.0,-,OK
1,GUNDG,2026-05-25,2026-05-25,tepe,19.7,1303.0,stop,1263.91,-3.63,-3159.0,stop,1263.91,2026-05-25,-18.1,0.0,09:55,1067.0,1303.0,-,OK
1,IDGYO,2026-06-01,2026-06-01,orta,8.5,4.23,hedef,4.2723,0.37,154.0,hedef,4.2723,2026-06-01,5.2,1.18,09:55,4.2,4.45,-,OK
1,NUGYO,2026-06-01,2026-06-01,orta,8.1,10.41,hedef,10.5141,0.37,154.0,hedef,10.5141,2026-06-01,-3.7,1.92,09:55,9.9,10.61,-,OK
1,DERHL,2026-06-02,2026-06-02,dip,8.1,15.42,hedef,15.5742,0.37,154.0,hedef,15.5742,2026-06-02,-9.2,2.66,09:55,13.88,16.0,-,OK
1,PAMEL,2026-06-02,2026-06-02,orta,11.7,93.75,stop,90.9375,-3.63,-1528.0,stop,90.9375,2026-06-02,-2.1,0.75,09:55,89.5,94.45,-,OK
1,AKMGY,2026-06-03,2026-06-03,orta,12.4,294.5,stop,285.665,-3.63,-501.0,stop,285.665,2026-06-03,-7.6,0.17,09:55,272.25,295.0,-,OK
1,BARMA,2026-06-03,2026-06-03,tepe,9.4,60.2,hedef,60.802,0.37,51.0,hedef,60.802,2026-06-03,0.2,1.25,09:55,59.3,61.75,-,OK
1,BLCYT,2026-06-03,2026-06-03,orta,58.4,44.16,stop,42.8352,-3.63,-501.0,stop,42.8352,2026-06-03,-18.1,0.0,09:55,36.16,44.16,-,OK
1,KNFRT,2026-06-03,2026-06-03,orta,8.1,15.04,hedef,15.1904,0.37,51.0,hedef,15.1904,2026-06-03,7.0,3.12,09:55,15.04,16.09,-,OK
1,MEPET,2026-06-03,2026-06-03,orta,12.9,25.88,hedef,26.1388,0.37,51.0,hedef,26.1388,2026-06-03,2.6,1.0,09:55,25.6,27.3,-,OK
1,NUGYO,2026-06-03,2026-06-03,orta,8.7,11.29,hedef,11.4029,0.37,51.0,hedef,11.4029,2026-06-03,-3.3,1.24,09:55,10.61,11.43,-,OK
1,CUSAN,2026-06-04,2026-06-04,orta,29.0,28.78,hedef,29.0678,0.37,60.0,hedef,29.0678,2026-06-04,-4.1,1.04,09:55,26.78,29.68,-,OK
1,KNFRT,2026-06-04,2026-06-04,orta,9.4,16.69,hedef,16.8569,0.37,60.0,hedef,16.8569,2026-06-04,-2.5,3.77,09:55,15.78,17.54,-,OK
1,LUKSK,2026-06-04,2026-06-04,orta,29.9,118.7,stop,115.139,-3.63,-595.0,stop,115.139,2026-06-04,-7.4,0.08,09:55,109.3,118.8,-,OK
1,MAKIM,2026-06-04,2026-06-04,orta,20.2,19.59,stop,19.0023,-3.63,-595.0,stop,19.0023,2026-06-04,-7.6,0.77,09:55,17.76,19.74,-,OK
1,UFUK,2026-06-04,2026-06-04,orta,27.9,1387.0,stop,1345.39,-3.63,-595.0,stop,1345.39,2026-06-04,-3.4,0.0,10:00,1236.0,1387.0,-,OK
1,AVGYO,2026-06-05,2026-06-05,orta,83.5,14.0,hedef,14.14,0.37,74.0,hedef,14.14,2026-06-05,-4.9,1.57,09:55,13.01,14.22,-,OK
1,BARMA,2026-06-05,2026-06-05,tepe,34.9,59.1,hedef,59.691,0.37,74.0,hedef,59.691,2026-06-05,2.6,1.1,09:55,58.9,61.55,-,OK
1,CMBTN,2026-06-05,2026-06-05,dip,19.5,1595.0,hedef,1610.95,0.37,74.0,hedef,1610.95,2026-06-05,0.1,1.19,09:55,1589.0,1637.0,-,OK
1,ULUFA,2026-06-05,2026-06-05,orta,8.6,4.0,hedef,4.04,0.37,74.0,hedef,4.04,2026-06-05,-2.5,2.75,09:55,3.89,4.2,-,OK
1,POLTK,2026-06-08,2026-06-08,dip,9.1,5270.0,stop,5111.9,-3.63,-1464.0,stop,5111.9,2026-06-08,-4.6,0.05,09:55,4980.0,5272.5,-,OK
1,SEKUR,2026-06-08,2026-06-08,kirilim,14.9,8.06,stop,7.8182,-3.63,-1464.0,stop,7.8182,2026-06-08,9.3,0.5,09:55,7.81,8.81,stop_ama_gun_kapanis_+9.3%|tek_bar_wick,SUPHELI_WICK
2,PRZMA,2026-04-24,2026-04-24,tepe,9.0,25.84,stop,25.0648,-3.63,-3633.0,stop,25.0648,2026-04-24,0.0,0.0,09:55,25.02,25.84,tek_bar_wick,SUPHELI_WICK
2,EUKYO,2026-05-04,2026-05-04,orta,43.7,6.99,hedef,7.1298,1.37,659.0,hedef,7.1298,2026-05-04,3.6,5.72,09:55,6.99,7.5,-,OK
2,KUVVA,2026-05-04,2026-05-04,orta,9.0,125.0,stop,121.25,-3.63,-1751.0,stop,121.25,2026-05-04,3.2,0.0,09:55,120.3,129.6,-,OK
2,MTRYO,2026-05-05,2026-05-05,orta,12.5,10.74,stop,10.4178,-3.63,-3461.0,stop,10.4178,2026-05-05,2.0,0.0,09:55,10.06,10.95,-,OK
2,IHYAY,2026-05-06,2026-05-06,dip,9.0,1.83,hedef,1.8666,1.37,1255.0,hedef,1.8666,2026-05-06,1.6,2.19,09:55,1.83,1.87,-,OK
2,UFUK,2026-05-07,2026-05-08,orta,121.9,1482.0,stop,1437.54,-3.63,-3381.0,stop,1437.54,2026-05-08,-2.6,1.21,10:00,1442.0,1500.0,-,OK
2,IDGYO,2026-05-11,2026-05-11,orta,8.9,3.63,stop,3.5211,-3.63,-3258.0,stop,3.5211,2026-05-11,4.7,0.0,09:55,3.45,3.96,-,OK
2,DMSAS,2026-05-12,2026-05-12,orta,10.7,9.08,hedef,9.2616,1.37,591.0,hedef,9.2616,2026-05-12,0.6,2.2,09:55,9.08,9.32,-,OK
2,ERBOS,2026-05-12,2026-05-12,kirilim,17.0,217.9,hedef,222.258,1.37,591.0,hedef,222.258,2026-05-12,-2.4,2.34,09:55,212.7,226.0,-,OK
2,ETYAT,2026-05-13,2026-05-13,orta,10.1,8.0,hedef,8.16,1.37,1198.0,hedef,8.16,2026-05-13,1.4,2.5,09:55,7.92,8.2,-,OK
2,ALCAR,2026-05-14,2026-05-18,dip,32.9,771.5,stop,748.355,-3.63,-3226.0,stop,748.355,2026-05-18,0.7,1.88,10:00,770.5,786.0,-,OK
2,EKSUN,2026-05-20,2026-05-20,kirilim,9.8,7.4,hedef,7.548,1.37,106.0,hedef,7.548,2026-05-20,4.5,2.03,09:55,7.3,7.9,-,OK
2,GUNDG,2026-05-20,2026-05-21,tepe,11.2,998.0,hedef,1017.96,1.37,106.0,hedef,1017.96,2026-05-21,0.0,9.92,09:55,998.0,998.0,-,OK
2,ICBCT,2026-05-20,2026-05-20,tepe,24.6,21.0,stop,20.37,-3.63,-283.0,stop,20.37,2026-05-20,-8.5,0.67,09:55,18.84,21.14,-,OK
2,ISSEN,2026-05-20,2026-05-20,tepe,34.3,11.1,hedef,11.322,1.37,106.0,hedef,11.322,2026-05-20,-10.0,3.06,09:55,9.53,11.44,-,OK
2,KFEIN,2026-05-20,2026-05-20,orta,86.6,10.6,hedef,10.812,1.37,106.0,hedef,10.812,2026-05-20,-9.0,3.77,09:55,9.55,11.15,-,OK
2,LKMNH,2026-05-20,2026-05-20,dip,17.0,15.2,hedef,15.504,1.37,106.0,hedef,15.504,2026-05-20,3.4,3.09,09:55,15.2,15.99,-,OK
2,PCILT,2026-05-20,2026-05-20,tepe,23.5,35.42,stop,34.3574,-3.63,-283.0,stop,34.3574,2026-05-20,-6.8,0.0,09:55,33.0,35.42,-,OK
2,SANFM,2026-05-20,2026-05-20,orta,17.3,8.35,hedef,8.517,1.37,106.0,hedef,8.517,2026-05-20,-2.4,2.87,09:55,8.01,8.59,-,OK
2,SMART,2026-05-20,2026-05-20,orta,8.8,36.76,hedef,37.4952,1.37,106.0,hedef,37.4952,2026-05-20,-2.1,2.18,09:55,35.52,40.1,-,OK
2,UFUK,2026-05-20,2026-05-20,orta,11.3,1446.0,stop,1402.62,-3.63,-283.0,stop,1402.62,2026-05-20,-5.7,0.0,09:55,1324.0,1446.0,-,OK
2,VBTYZ,2026-05-20,2026-05-20,tepe,9.6,27.78,stop,26.9466,-3.63,-283.0,stop,26.9466,2026-05-20,-8.9,1.3,09:55,25.12,29.1,-,OK
2,BAKAB,2026-05-21,2026-05-21,kirilim,9.4,52.2,stop,50.634,-3.63,-702.0,stop,50.634,2026-05-21,-13.1,0.0,09:55,45.36,52.2,-,OK
2,BIGTK,2026-05-21,2026-05-21,dip,56.0,211.5,hedef,215.73,1.37,264.0,hedef,215.73,2026-05-21,0.3,2.08,09:55,209.0,231.2,-,OK
2,GMTAS,2026-05-21,2026-05-21,tepe,18.4,48.42,stop,46.9674,-3.63,-702.0,stop,46.9674,2026-05-21,-7.3,0.0,09:55,44.88,48.42,-,OK
2,VERTU,2026-05-21,2026-05-21,orta,63.7,42.64,stop,41.3608,-3.63,-702.0,stop,41.3608,2026-05-21,-12.6,0.09,09:55,37.26,42.68,-,OK
2,ADGYO,2026-05-22,2026-05-22,orta,9.4,50.0,hedef,51.0,1.37,142.0,hedef,51.0,2026-05-22,15.2,6.7,09:55,50.0,58.5,-,OK
2,AGYO,2026-05-22,2026-05-22,orta,9.1,8.08,hedef,8.2416,1.37,142.0,hedef,8.2416,2026-05-22,8.9,3.96,09:55,8.08,9.05,-,OK
2,CEMZY,2026-05-22,2026-05-22,orta,9.7,12.0,hedef,12.24,1.37,142.0,hedef,12.24,2026-05-22,13.3,7.67,09:55,12.0,13.6,-,OK
2,INVES,2026-05-22,2026-05-22,orta,13.1,590.0,hedef,601.8,1.37,142.0,hedef,601.8,2026-05-22,3.4,2.54,09:55,589.0,612.0,-,OK
2,KOPOL,2026-05-22,2026-05-22,dip,44.1,5.03,hedef,5.1306,1.37,142.0,hedef,5.1306,2026-05-22,15.1,9.54,09:55,5.03,5.82,-,OK
2,LUKSK,2026-05-22,2026-05-22,orta,10.6,90.1,hedef,91.902,1.37,142.0,hedef,91.902,2026-05-22,8.8,8.6,09:55,90.1,98.75,-,OK
2,RYSAS,2026-05-22,2026-05-22,orta,10.2,19.06,hedef,19.4412,1.37,142.0,hedef,19.4412,2026-05-22,4.9,2.52,09:55,18.78,20.16,-,OK
2,VERUS,2026-05-22,2026-05-22,kirilim,10.4,573.0,hedef,584.46,1.37,142.0,hedef,584.46,2026-05-22,2.3,4.71,09:55,571.0,600.0,-,OK
2,GUNDG,2026-05-25,2026-05-25,tepe,19.7,1303.0,stop,1263.91,-3.63,-3070.0,stop,1263.91,2026-05-25,-18.1,0.0,09:55,1067.0,1303.0,-,OK
2,IDGYO,2026-06-01,2026-06-01,orta,8.5,4.23,hedef,4.3146,1.37,557.0,hedef,4.3146,2026-06-01,5.2,2.84,09:55,4.2,4.45,-,OK
2,NUGYO,2026-06-01,2026-06-01,orta,8.1,10.41,stop,10.0977,-3.63,-1479.0,stop,10.0977,2026-06-01,-3.7,1.92,09:55,9.9,10.61,-,OK
2,DERHL,2026-06-02,2026-06-02,dip,8.1,15.42,hedef,15.7284,1.37,550.0,hedef,15.7284,2026-06-02,-9.2,2.66,09:55,13.88,16.0,-,OK
2,PAMEL,2026-06-02,2026-06-02,orta,11.7,93.75,stop,90.9375,-3.63,-1462.0,stop,90.9375,2026-06-02,-2.1,0.75,09:55,89.5,94.45,-,OK
2,AKMGY,2026-06-03,2026-06-03,orta,12.4,294.5,stop,285.665,-3.63,-482.0,stop,285.665,2026-06-03,-7.6,0.17,09:55,272.25,295.0,-,OK
2,BARMA,2026-06-03,2026-06-03,tepe,9.4,60.2,hedef,61.404,1.37,181.0,hedef,61.404,2026-06-03,0.2,2.24,09:55,59.3,61.75,-,OK
2,BLCYT,2026-06-03,2026-06-03,orta,58.4,44.16,stop,42.8352,-3.63,-482.0,stop,42.8352,2026-06-03,-18.1,0.0,09:55,36.16,44.16,-,OK
2,KNFRT,2026-06-03,2026-06-03,orta,8.1,15.04,hedef,15.3408,1.37,181.0,hedef,15.3408,2026-06-03,7.0,3.12,09:55,15.04,16.09,-,OK
2,MEPET,2026-06-03,2026-06-03,orta,12.9,25.88,hedef,26.3976,1.37,181.0,hedef,26.3976,2026-06-03,2.6,2.4,09:55,25.6,27.3,-,OK
2,NUGYO,2026-06-03,2026-06-03,orta,8.7,11.29,stop,10.9513,-3.63,-482.0,stop,10.9513,2026-06-03,-3.3,1.24,09:55,10.61,11.43,-,OK
2,CUSAN,2026-06-04,2026-06-04,orta,29.0,28.78,stop,27.9166,-3.63,-572.0,stop,27.9166,2026-06-04,-4.1,1.32,09:55,26.78,29.68,-,OK
2,KNFRT,2026-06-04,2026-06-04,orta,9.4,16.69,hedef,17.0238,1.37,215.0,hedef,17.0238,2026-06-04,-2.5,3.77,09:55,15.78,17.54,-,OK
2,LUKSK,2026-06-04,2026-06-04,orta,29.9,118.7,stop,115.139,-3.63,-572.0,stop,115.139,2026-06-04,-7.4,0.08,09:55,109.3,118.8,-,OK
2,MAKIM,2026-06-04,2026-06-04,orta,20.2,19.59,stop,19.0023,-3.63,-572.0,stop,19.0023,2026-06-04,-7.6,0.77,09:55,17.76,19.74,-,OK
2,UFUK,2026-06-04,2026-06-04,orta,27.9,1387.0,stop,1345.39,-3.63,-572.0,stop,1345.39,2026-06-04,-3.4,0.0,10:00,1236.0,1387.0,-,OK
2,AVGYO,2026-06-05,2026-06-05,orta,83.5,14.0,stop,13.58,-3.63,-696.0,stop,13.58,2026-06-05,-4.9,1.57,09:55,13.01,14.22,-,OK
2,BARMA,2026-06-05,2026-06-05,tepe,34.9,59.1,hedef,60.282,1.37,262.0,hedef,60.282,2026-06-05,2.6,2.37,09:55,58.9,61.55,-,OK
2,CMBTN,2026-06-05,2026-06-05,dip,19.5,1595.0,hedef,1626.9,1.37,262.0,hedef,1626.9,2026-06-05,0.1,2.63,09:55,1589.0,1637.0,-,OK
2,ULUFA,2026-06-05,2026-06-05,orta,8.6,4.0,hedef,4.08,1.37,262.0,hedef,4.08,2026-06-05,-2.5,2.75,09:55,3.89,4.2,-,OK
2,POLTK,2026-06-08,2026-06-08,dip,9.1,5270.0,stop,5111.9,-3.63,-1393.0,stop,5111.9,2026-06-08,-4.6,0.05,09:55,4980.0,5272.5,-,OK
2,SEKUR,2026-06-08,2026-06-08,kirilim,14.9,8.06,stop,7.8182,-3.63,-1393.0,stop,7.8182,2026-06-08,9.3,0.5,09:55,7.81,8.81,stop_ama_gun_kapanis_+9.3%|tek_bar_wick,SUPHELI_WICK
3,PRZMA,2026-04-24,2026-04-24,tepe,9.0,25.84,stop,25.0648,-3.63,-3633.0,stop,25.0648,2026-04-24,0.0,0.0,09:55,25.02,25.84,tek_bar_wick,SUPHELI_WICK
3,EUKYO,2026-05-04,2026-05-04,orta,43.7,6.99,hedef,7.1997,2.37,1141.0,hedef,7.1997,2026-05-04,3.6,5.72,09:55,6.99,7.5,-,OK
3,KUVVA,2026-05-04,2026-05-04,orta,9.0,125.0,stop,121.25,-3.63,-1751.0,stop,121.25,2026-05-04,3.2,0.0,09:55,120.3,129.6,-,OK
3,MTRYO,2026-05-05,2026-05-05,orta,12.5,10.74,stop,10.4178,-3.63,-3479.0,stop,10.4178,2026-05-05,2.0,0.0,09:55,10.06,10.95,-,OK
3,IHYAY,2026-05-06,2026-05-08,dip,9.0,1.83,hedef,1.8849,2.37,2184.0,hedef,1.8849,2026-05-08,1.6,3.28,09:55,1.83,1.87,-,OK
3,IDGYO,2026-05-11,2026-05-11,orta,8.9,3.63,stop,3.5211,-3.63,-3432.0,stop,3.5211,2026-05-11,4.7,0.0,09:55,3.45,3.96,-,OK
3,DMSAS,2026-05-12,2026-05-20,orta,10.7,9.08,hedef,9.3524,2.37,1077.0,hedef,9.3524,2026-05-20,0.6,8.15,09:55,9.08,9.32,-,OK
3,ERBOS,2026-05-12,2026-05-12,kirilim,17.0,217.9,hedef,224.437,2.37,1077.0,hedef,224.437,2026-05-12,-2.4,3.72,09:55,212.7,226.0,-,OK
3,ETYAT,2026-05-13,2026-05-20,orta,10.1,8.0,stop,7.76,-3.63,-1693.0,stop,7.76,2026-05-20,1.4,2.5,09:55,7.92,8.2,-,OK
3,BAKAB,2026-05-21,2026-05-21,kirilim,9.4,52.2,stop,50.634,-3.63,-831.0,stop,50.634,2026-05-21,-13.1,0.0,09:55,45.36,52.2,-,OK
3,BIGTK,2026-05-21,2026-05-21,dip,56.0,211.5,hedef,217.845,2.37,541.0,hedef,217.845,2026-05-21,0.3,3.03,09:55,209.0,231.2,-,OK
3,GMTAS,2026-05-21,2026-05-21,tepe,18.4,48.42,stop,46.9674,-3.63,-831.0,stop,46.9674,2026-05-21,-7.3,0.0,09:55,44.88,48.42,-,OK
3,VERTU,2026-05-21,2026-05-21,orta,63.7,42.64,stop,41.3608,-3.63,-831.0,stop,41.3608,2026-05-21,-12.6,0.09,09:55,37.26,42.68,-,OK
3,ADGYO,2026-05-22,2026-05-22,orta,9.4,50.0,hedef,51.5,2.37,265.0,hedef,51.5,2026-05-22,15.2,6.7,09:55,50.0,58.5,-,OK
3,AGYO,2026-05-22,2026-05-22,orta,9.1,8.08,hedef,8.3224,2.37,265.0,hedef,8.3224,2026-05-22,8.9,3.96,09:55,8.08,9.05,-,OK
3,CEMZY,2026-05-22,2026-05-22,orta,9.7,12.0,hedef,12.36,2.37,265.0,hedef,12.36,2026-05-22,13.3,7.67,09:55,12.0,13.6,-,OK
3,INVES,2026-05-22,2026-05-22,orta,13.1,590.0,hedef,607.7,2.37,265.0,hedef,607.7,2026-05-22,3.4,3.14,09:55,589.0,612.0,-,OK
3,KOPOL,2026-05-22,2026-05-22,dip,44.1,5.03,hedef,5.1809,2.37,265.0,hedef,5.1809,2026-05-22,15.1,9.54,09:55,5.03,5.82,-,OK
3,LUKSK,2026-05-22,2026-05-22,orta,10.6,90.1,hedef,92.803,2.37,265.0,hedef,92.803,2026-05-22,8.8,8.6,09:55,90.1,98.75,-,OK
3,RYSAS,2026-05-22,2026-05-22,orta,10.2,19.06,hedef,19.6318,2.37,265.0,hedef,19.6318,2026-05-22,4.9,3.2,09:55,18.78,20.16,-,OK
3,VERUS,2026-05-22,2026-05-22,kirilim,10.4,573.0,hedef,590.19,2.37,265.0,hedef,590.19,2026-05-22,2.3,4.71,09:55,571.0,600.0,-,OK
3,GUNDG,2026-05-25,2026-05-25,tepe,19.7,1303.0,stop,1263.91,-3.63,-3330.0,stop,1263.91,2026-05-25,-18.1,0.0,09:55,1067.0,1303.0,-,OK
3,IDGYO,2026-06-01,2026-06-01,orta,8.5,4.23,hedef,4.3569,2.37,1045.0,hedef,4.3569,2026-06-01,5.2,3.07,09:55,4.2,4.45,-,OK
3,NUGYO,2026-06-01,2026-06-01,orta,8.1,10.41,stop,10.0977,-3.63,-1605.0,stop,10.0977,2026-06-01,-3.7,1.92,09:55,9.9,10.61,-,OK
3,DERHL,2026-06-02,2026-06-02,dip,8.1,15.42,hedef,15.8826,2.37,1039.0,hedef,15.8826,2026-06-02,-9.2,3.76,09:55,13.88,16.0,-,OK
3,PAMEL,2026-06-02,2026-06-02,orta,11.7,93.75,stop,90.9375,-3.63,-1594.0,stop,90.9375,2026-06-02,-2.1,0.75,09:55,89.5,94.45,-,OK
3,AKMGY,2026-06-03,2026-06-03,orta,12.4,294.5,stop,285.665,-3.63,-528.0,stop,285.665,2026-06-03,-7.6,0.17,09:55,272.25,295.0,-,OK
3,BARMA,2026-06-03,2026-06-08,tepe,9.4,60.2,acik_kaldi,61.65,1.78,258.0,acik_kaldi,61.65,2026-06-08,0.2,2.74,09:55,59.3,61.75,-,OK
3,BLCYT,2026-06-03,2026-06-03,orta,58.4,44.16,stop,42.8352,-3.63,-528.0,stop,42.8352,2026-06-03,-18.1,0.0,09:55,36.16,44.16,-,OK
3,KNFRT,2026-06-03,2026-06-03,orta,8.1,15.04,hedef,15.4912,2.37,344.0,hedef,15.4912,2026-06-03,7.0,3.12,09:55,15.04,16.09,-,OK
3,MEPET,2026-06-03,2026-06-03,orta,12.9,25.88,hedef,26.6564,2.37,344.0,hedef,26.6564,2026-06-03,2.6,3.94,09:55,25.6,27.3,-,OK
3,NUGYO,2026-06-03,2026-06-03,orta,8.7,11.29,stop,10.9513,-3.63,-528.0,stop,10.9513,2026-06-03,-3.3,1.24,09:55,10.61,11.43,-,OK
3,CUSAN,2026-06-04,2026-06-04,orta,29.0,28.78,stop,27.9166,-3.63,-522.0,stop,27.9166,2026-06-04,-4.1,1.32,09:55,26.78,29.68,-,OK
3,KNFRT,2026-06-04,2026-06-04,orta,9.4,16.69,hedef,17.1907,2.37,340.0,hedef,17.1907,2026-06-04,-2.5,3.77,09:55,15.78,17.54,-,OK
3,LUKSK,2026-06-04,2026-06-04,orta,29.9,118.7,stop,115.139,-3.63,-522.0,stop,115.139,2026-06-04,-7.4,0.08,09:55,109.3,118.8,-,OK
3,MAKIM,2026-06-04,2026-06-04,orta,20.2,19.59,stop,19.0023,-3.63,-522.0,stop,19.0023,2026-06-04,-7.6,0.77,09:55,17.76,19.74,-,OK
3,UFUK,2026-06-04,2026-06-04,orta,27.9,1387.0,stop,1345.39,-3.63,-522.0,stop,1345.39,2026-06-04,-3.4,0.0,10:00,1236.0,1387.0,-,OK
3,AVGYO,2026-06-05,2026-06-05,orta,83.5,14.0,stop,13.58,-3.63,-636.0,stop,13.58,2026-06-05,-4.9,1.57,09:55,13.01,14.22,-,OK
3,BARMA,2026-06-05,2026-06-05,tepe,34.9,59.1,hedef,60.873,2.37,414.0,hedef,60.873,2026-06-05,2.6,3.3,09:55,58.9,61.55,-,OK
3,CMBTN,2026-06-05,2026-06-08,dip,19.5,1595.0,acik_kaldi,1588.0,-1.07,-188.0,acik_kaldi,1588.0,2026-06-08,0.1,2.63,09:55,1589.0,1637.0,-,OK
3,ULUFA,2026-06-05,2026-06-05,orta,8.6,4.0,hedef,4.12,2.37,414.0,hedef,4.12,2026-06-05,-2.5,3.75,09:55,3.89,4.2,-,OK
3,POLTK,2026-06-08,2026-06-08,dip,9.1,5270.0,stop,5111.9,-3.63,-958.0,stop,5111.9,2026-06-08,-4.6,0.05,09:55,4980.0,5272.5,-,OK
3,SEKUR,2026-06-08,2026-06-08,kirilim,14.9,8.06,stop,7.8182,-3.63,-958.0,stop,7.8182,2026-06-08,9.3,0.5,09:55,7.81,8.81,stop_ama_gun_kapanis_+9.3%|tek_bar_wick,SUPHELI_WICK
5,PRZMA,2026-04-24,2026-04-24,tepe,9.0,25.84,stop,25.0648,-3.63,-3633.0,stop,25.0648,2026-04-24,0.0,0.0,09:55,25.02,25.84,tek_bar_wick,SUPHELI_WICK
5,EUKYO,2026-05-04,2026-05-04,orta,43.7,6.99,hedef,7.3395,4.37,2104.0,hedef,7.3395,2026-05-04,3.6,5.72,09:55,6.99,7.5,-,OK
5,KUVVA,2026-05-04,2026-05-04,orta,9.0,125.0,stop,121.25,-3.63,-1751.0,stop,121.25,2026-05-04,3.2,0.0,09:55,120.3,129.6,-,OK
5,MTRYO,2026-05-05,2026-05-05,orta,12.5,10.74,stop,10.4178,-3.63,-3514.0,stop,10.4178,2026-05-05,2.0,0.0,09:55,10.06,10.95,-,OK
5,IHYAY,2026-05-06,2026-05-18,dip,9.0,1.83,stop,1.7751,-3.63,-3386.0,stop,1.7751,2026-05-18,1.6,4.37,09:55,1.83,1.87,-,OK
5,EKSUN,2026-05-20,2026-05-20,kirilim,9.8,7.4,hedef,7.77,4.37,357.0,hedef,7.77,2026-05-20,4.5,5.81,09:55,7.3,7.9,-,OK
5,GUNDG,2026-05-20,2026-05-21,tepe,11.2,998.0,hedef,1047.9,4.37,357.0,hedef,1047.9,2026-05-21,0.0,9.92,09:55,998.0,998.0,-,OK
5,ICBCT,2026-05-20,2026-05-20,tepe,24.6,21.0,stop,20.37,-3.63,-297.0,stop,20.37,2026-05-20,-8.5,0.67,09:55,18.84,21.14,-,OK
5,ISSEN,2026-05-20,2026-05-20,tepe,34.3,11.1,stop,10.767,-3.63,-297.0,stop,10.767,2026-05-20,-10.0,3.06,09:55,9.53,11.44,-,OK
5,KFEIN,2026-05-20,2026-05-20,orta,86.6,10.6,hedef,11.13,4.37,357.0,hedef,11.13,2026-05-20,-9.0,5.19,09:55,9.55,11.15,-,OK
5,LKMNH,2026-05-20,2026-05-20,dip,17.0,15.2,hedef,15.96,4.37,357.0,hedef,15.96,2026-05-20,3.4,5.0,09:55,15.2,15.99,-,OK
5,PCILT,2026-05-20,2026-05-20,tepe,23.5,35.42,stop,34.3574,-3.63,-297.0,stop,34.3574,2026-05-20,-6.8,0.0,09:55,33.0,35.42,-,OK
5,SANFM,2026-05-20,2026-05-20,orta,17.3,8.35,stop,8.0995,-3.63,-297.0,stop,8.0995,2026-05-20,-2.4,2.87,09:55,8.01,8.59,-,OK
5,SMART,2026-05-20,2026-05-20,orta,8.8,36.76,stop,35.6572,-3.63,-297.0,stop,35.6572,2026-05-20,-2.1,2.18,09:55,35.52,40.1,-,OK
5,UFUK,2026-05-20,2026-05-20,orta,11.3,1446.0,stop,1402.62,-3.63,-297.0,stop,1402.62,2026-05-20,-5.7,0.0,09:55,1324.0,1446.0,-,OK
5,VBTYZ,2026-05-20,2026-05-20,tepe,9.6,27.78,stop,26.9466,-3.63,-297.0,stop,26.9466,2026-05-20,-8.9,1.3,09:55,25.12,29.1,-,OK
5,BAKAB,2026-05-21,2026-05-21,kirilim,9.4,52.2,stop,50.634,-3.63,-732.0,stop,50.634,2026-05-21,-13.1,0.0,09:55,45.36,52.2,-,OK
5,BIGTK,2026-05-21,2026-05-21,dip,56.0,211.5,hedef,222.075,4.37,880.0,hedef,222.075,2026-05-21,0.3,5.96,09:55,209.0,231.2,-,OK
5,GMTAS,2026-05-21,2026-05-21,tepe,18.4,48.42,stop,46.9674,-3.63,-732.0,stop,46.9674,2026-05-21,-7.3,0.0,09:55,44.88,48.42,-,OK
5,VERTU,2026-05-21,2026-05-21,orta,63.7,42.64,stop,41.3608,-3.63,-732.0,stop,41.3608,2026-05-21,-12.6,0.09,09:55,37.26,42.68,-,OK
5,ADGYO,2026-05-22,2026-05-22,orta,9.4,50.0,hedef,52.5,4.37,480.0,hedef,52.5,2026-05-22,15.2,6.7,09:55,50.0,58.5,-,OK
5,AGYO,2026-05-22,2026-05-22,orta,9.1,8.08,hedef,8.484,4.37,480.0,hedef,8.484,2026-05-22,8.9,6.44,09:55,8.08,9.05,-,OK
5,CEMZY,2026-05-22,2026-05-22,orta,9.7,12.0,hedef,12.6,4.37,480.0,hedef,12.6,2026-05-22,13.3,7.67,09:55,12.0,13.6,-,OK
5,INVES,2026-05-22,2026-05-25,orta,13.1,590.0,hedef,619.5,4.37,480.0,hedef,619.5,2026-05-25,3.4,5.93,09:55,589.0,612.0,-,OK
5,KOPOL,2026-05-22,2026-05-22,dip,44.1,5.03,hedef,5.2815,4.37,480.0,hedef,5.2815,2026-05-22,15.1,9.54,09:55,5.03,5.82,-,OK
5,LUKSK,2026-05-22,2026-05-22,orta,10.6,90.1,hedef,94.605,4.37,480.0,hedef,94.605,2026-05-22,8.8,8.6,09:55,90.1,98.75,-,OK
5,RYSAS,2026-05-22,2026-05-22,orta,10.2,19.06,hedef,20.013,4.37,480.0,hedef,20.013,2026-05-22,4.9,5.14,09:55,18.78,20.16,-,OK
5,VERUS,2026-05-22,2026-06-02,kirilim,10.4,573.0,hedef,601.65,4.37,480.0,hedef,601.65,2026-06-02,2.3,6.63,09:55,571.0,600.0,-,OK
5,GUNDG,2026-05-25,2026-05-25,tepe,19.7,1303.0,stop,1263.91,-3.63,-2498.0,stop,1263.91,2026-05-25,-18.1,0.0,09:55,1067.0,1303.0,-,OK
5,IDGYO,2026-06-01,2026-06-01,orta,8.5,4.23,hedef,4.4415,4.37,1697.0,hedef,4.4415,2026-06-01,5.2,5.2,09:55,4.2,4.45,-,OK
5,NUGYO,2026-06-01,2026-06-01,orta,8.1,10.41,stop,10.0977,-3.63,-1412.0,stop,10.0977,2026-06-01,-3.7,1.92,09:55,9.9,10.61,-,OK
5,DERHL,2026-06-02,2026-06-02,dip,8.1,15.42,stop,14.9574,-3.63,-1417.0,stop,14.9574,2026-06-02,-9.2,3.76,09:55,13.88,16.0,-,OK
5,PAMEL,2026-06-02,2026-06-02,orta,11.7,93.75,stop,90.9375,-3.63,-1417.0,stop,90.9375,2026-06-02,-2.1,0.75,09:55,89.5,94.45,-,OK
5,AKMGY,2026-06-03,2026-06-03,orta,12.4,294.5,stop,285.665,-3.63,-525.0,stop,285.665,2026-06-03,-7.6,0.17,09:55,272.25,295.0,-,OK
5,BARMA,2026-06-03,2026-06-08,tepe,9.4,60.2,acik_kaldi,61.65,1.78,256.0,acik_kaldi,61.65,2026-06-08,0.2,2.74,09:55,59.3,61.75,-,OK
5,BLCYT,2026-06-03,2026-06-03,orta,58.4,44.16,stop,42.8352,-3.63,-525.0,stop,42.8352,2026-06-03,-18.1,0.0,09:55,36.16,44.16,-,OK
5,KNFRT,2026-06-03,2026-06-03,orta,8.1,15.04,hedef,15.792,4.37,631.0,hedef,15.792,2026-06-03,7.0,6.52,09:55,15.04,16.09,-,OK
5,MEPET,2026-06-03,2026-06-03,orta,12.9,25.88,hedef,27.174,4.37,631.0,hedef,27.174,2026-06-03,2.6,5.49,09:55,25.6,27.3,-,OK
5,NUGYO,2026-06-03,2026-06-03,orta,8.7,11.29,stop,10.9513,-3.63,-525.0,stop,10.9513,2026-06-03,-3.3,1.24,09:55,10.61,11.43,-,OK
5,CUSAN,2026-06-04,2026-06-04,orta,29.0,28.78,stop,27.9166,-3.63,-522.0,stop,27.9166,2026-06-04,-4.1,1.32,09:55,26.78,29.68,-,OK
5,KNFRT,2026-06-04,2026-06-04,orta,9.4,16.69,stop,16.1893,-3.63,-522.0,stop,16.1893,2026-06-04,-2.5,4.25,09:55,15.78,17.54,-,OK
5,LUKSK,2026-06-04,2026-06-04,orta,29.9,118.7,stop,115.139,-3.63,-522.0,stop,115.139,2026-06-04,-7.4,0.08,09:55,109.3,118.8,-,OK
5,MAKIM,2026-06-04,2026-06-04,orta,20.2,19.59,stop,19.0023,-3.63,-522.0,stop,19.0023,2026-06-04,-7.6,0.77,09:55,17.76,19.74,-,OK
5,UFUK,2026-06-04,2026-06-04,orta,27.9,1387.0,stop,1345.39,-3.63,-522.0,stop,1345.39,2026-06-04,-3.4,0.0,10:00,1236.0,1387.0,-,OK
5,AVGYO,2026-06-05,2026-06-05,orta,83.5,14.0,stop,13.58,-3.63,-629.0,stop,13.58,2026-06-05,-4.9,1.57,09:55,13.01,14.22,-,OK
5,BARMA,2026-06-05,2026-06-08,tepe,34.9,59.1,acik_kaldi,61.65,3.68,638.0,acik_kaldi,61.65,2026-06-08,2.6,4.65,09:55,58.9,61.55,-,OK
5,CMBTN,2026-06-05,2026-06-08,dip,19.5,1595.0,acik_kaldi,1588.0,-1.07,-186.0,acik_kaldi,1588.0,2026-06-08,0.1,2.63,09:55,1589.0,1637.0,-,OK
5,ULUFA,2026-06-05,2026-06-08,orta,8.6,4.0,stop,3.88,-3.63,-629.0,hedef,4.2,2026-06-05,-2.5,5.0,09:55,3.89,4.2,-|kayit_uyumsuz,UYUMSUZ
5,POLTK,2026-06-08,2026-06-08,dip,9.1,5270.0,stop,5111.9,-3.63,-303.0,stop,5111.9,2026-06-08,-4.6,0.05,09:55,4980.0,5272.5,-,OK
5,SEKUR,2026-06-08,2026-06-08,kirilim,14.9,8.06,stop,7.8182,-3.63,-303.0,stop,7.8182,2026-06-08,9.3,0.5,09:55,7.81,8.81,stop_ama_gun_kapanis_+9.3%|tek_bar_wick,SUPHELI_WICK
