tarih,hisse,tf,giris_rapor,giris_sim,sebep_rapor,sebep_sim,getiri_rapor,getiri_sim,durum,hatalar,kat,getiri_%
2026-01-02,ARENA,15dk,28.82,28.82,gun_sonu,gun_sonu,-2.05,-2.05,PASS,,7.0,-2.05
2026-01-02,BMSCH,15dk,30.4,30.4,hedef,hedef,2.97,2.97,PASS,,6.5,2.97
2026-01-02,KRVGD,15dk,2.76,2.76,gun_sonu,gun_sonu,1.42,1.42,PASS,,5.0,1.42
2026-01-05,ALCAR,15dk,868.5,868.5,gun_sonu,gun_sonu,-1.3,-1.3,PASS,,7.4,-1.3
2026-01-05,BIENY,15dk,25.0,25.0,gun_sonu,gun_sonu,1.17,1.17,PASS,,11.6,1.17
2026-01-05,ESCAR,15dk,25.52,25.52,stop,stop,-3.03,-3.03,PASS,,9.5,-3.03
2026-01-05,GOKNR,15dk,20.0,20.0,gun_sonu,gun_sonu,1.77,1.77,PASS,,5.0,1.77
2026-01-05,GZNMI,15dk,58.0,58.0,hedef,hedef,2.97,2.97,PASS,,6.0,2.97
2026-01-05,JANTS,15dk,20.58,20.58,hedef,hedef,2.97,2.97,PASS,,22.6,2.97
2026-01-05,MARKA,15dk,41.0,41.0,stop,stop,-3.03,-3.03,PASS,,6.1,-3.03
2026-01-05,QUAGR,15dk,2.9,2.9,stop,stop,-3.03,-3.03,PASS,,20.5,-3.03
2026-01-05,SONME,15dk,185.0,185.0,hedef,hedef,2.97,2.97,PASS,,10.0,2.97
2026-01-06,KSTUR,1dk,3300.0,3300.0,hedef,hedef,2.97,2.97,PASS,,5.1,2.97
2026-01-07,KCAER,15dk,10.7,10.7,stop,stop,-3.03,-3.03,PASS,,8.8,-3.03
2026-01-07,KRGYO,15dk,3.09,3.09,stop,stop,-3.03,-3.03,PASS,,15.0,-3.03
2026-01-08,ANGEN,15dk,10.74,10.74,gun_sonu,gun_sonu,1.55,1.55,PASS,,5.0,1.55
2026-01-08,KLSYN,15dk,8.23,8.23,hedef,hedef,2.97,2.97,PASS,,19.5,2.97
2026-01-12,BORLS,15dk,3.47,3.47,stop,stop,-3.03,-3.03,PASS,,9.0,-3.03
2026-01-12,BRLSM,15dk,13.51,13.51,hedef,hedef,2.97,2.97,PASS,,5.1,2.97
2026-01-12,FENER,15dk,3.19,3.19,stop,stop,-3.03,-3.03,PASS,,5.1,-3.03
2026-01-12,KLGYO,15dk,7.7,7.7,hedef,hedef,2.97,2.97,PASS,,17.4,2.97
2026-01-12,ORGE,15dk,67.0,67.0,gun_sonu,gun_sonu,0.12,0.12,PASS,,10.2,0.12
2026-01-13,ARENA,15dk,30.5,30.5,hedef,hedef,2.97,2.97,PASS,,9.9,2.97
2026-01-13,BORLS,15dk,3.01,3.01,hedef,hedef,2.97,2.97,PASS,,8.0,2.97
2026-01-13,ORGE,15dk,68.5,68.5,gun_sonu,gun_sonu,-0.18,-0.18,PASS,,10.5,-0.18
2026-01-14,BORLS,15dk,2.96,2.96,stop,stop,-3.03,-3.03,PASS,,8.6,-3.03
2026-01-14,DCTTR,15dk,9.2,9.2,hedef,hedef,2.97,2.97,PASS,,9.2,2.97
2026-01-14,DNISI,15dk,20.0,20.0,gun_sonu,gun_sonu,-1.43,-1.43,PASS,,6.5,-1.43
2026-01-14,NATEN,15dk,9.49,9.49,gun_sonu,gun_sonu,-0.14,-0.14,PASS,,6.3,-0.14
2026-01-14,POLTK,15dk,6160.0,6160.0,gun_sonu,gun_sonu,-0.36,-0.36,PASS,,18.1,-0.36
2026-01-15,AKYHO,15dk,2.64,2.64,gun_sonu,gun_sonu,1.1,1.1,PASS,,5.3,1.1
2026-01-15,ATAKP,15dk,57.9,57.9,hedef,hedef,2.97,2.97,PASS,,13.9,2.97
2026-01-15,BORLS,15dk,2.62,2.62,hedef,hedef,2.97,2.97,PASS,,5.4,2.97
2026-01-15,ELITE,15dk,29.0,29.0,gun_sonu,gun_sonu,2.04,2.04,PASS,,6.6,2.04
2026-01-15,ONCSM,15dk,299.5,299.5,hedef,hedef,2.97,2.97,PASS,,18.6,2.97
2026-01-16,BESLR,15dk,13.34,13.34,hedef,hedef,2.97,2.97,PASS,,5.1,2.97
2026-01-16,SEGMN,15dk,28.0,28.0,hedef,hedef,2.97,2.97,PASS,,19.2,2.97
2026-01-16,TEZOL,15dk,12.17,12.17,gun_sonu,gun_sonu,-0.12,-0.12,PASS,,5.8,-0.12
2026-01-16,YYLGD,15dk,11.65,11.65,hedef,hedef,2.97,2.97,PASS,,5.4,2.97
2026-01-19,DGNMO,15dk,5.05,5.05,gun_sonu,gun_sonu,-0.83,-0.83,PASS,,9.1,-0.83
2026-01-19,GRNYO,15dk,18.32,18.32,stop,stop,-3.03,-3.03,PASS,,7.9,-3.03
2026-01-19,ONCSM,15dk,329.0,329.0,hedef,hedef,2.97,2.97,PASS,,5.8,2.97
2026-01-19,TEZOL,15dk,12.16,12.16,gun_sonu,gun_sonu,-0.36,-0.36,PASS,,7.9,-0.36
2026-01-20,IHAAS,15dk,44.0,44.0,hedef,hedef,2.97,2.97,PASS,,5.5,2.97
2026-01-20,LINK,15dk,6.5304225,6.5304,stop,stop,-3.03,-3.03,PASS,,22.3,-3.03
2026-01-20,RUBNS,15dk,33.9,33.9,hedef,hedef,2.97,2.97,PASS,,16.9,2.97
2026-01-20,YBTAS,1dk,20.0,20.0,hedef,hedef,2.97,2.97,PASS,,5.2,2.97
2026-01-20,YKSLN,15dk,3.15,3.15,gun_sonu,gun_sonu,-1.3,-1.3,PASS,,6.2,-1.3
2026-01-21,GATEG,1dk,310.0,310.0,stop,stop,-3.03,-3.03,PASS,,8.0,-3.03
2026-01-21,TURGG,15dk,27.16,27.16,hedef,hedef,2.97,2.97,PASS,,12.6,2.97
2026-01-21,VSNMD,15dk,104.0,104.0,stop,stop,-3.03,-3.03,PASS,,17.9,-3.03
2026-01-22,ESEN,15dk,5.7,5.7,stop,stop,-3.03,-3.03,PASS,,9.3,-3.03
2026-01-23,CEMAS,15dk,4.29,4.29,stop,stop,-3.03,-3.03,PASS,,14.5,-3.03
2026-01-23,DERHL,15dk,14.42,14.42,stop,stop,-3.03,-3.03,PASS,,17.5,-3.03
2026-01-23,GOZDE,15dk,24.7,24.7,gun_sonu,gun_sonu,1.83,1.83,PASS,,10.3,1.83
2026-01-23,IHYAY,15dk,2.01,2.01,hedef,hedef,2.97,2.97,PASS,,7.0,2.97
2026-01-26,BIZIM,15dk,31.0,31.0,hedef,hedef,2.97,2.97,PASS,,6.1,2.97
2026-01-26,CATES,15dk,41.02,41.02,hedef,hedef,2.97,2.97,PASS,,10.5,2.97
2026-01-26,DERHL,15dk,14.4,14.4,hedef,hedef,2.97,2.97,PASS,,5.7,2.97
2026-01-26,KERVN,1dk,1.91,1.91,hedef,hedef,2.97,2.97,PASS,,5.4,2.97
2026-01-26,KLKIM,15dk,41.26,41.26,gun_sonu,gun_sonu,-1.54,-1.54,PASS,,5.7,-1.54
2026-01-26,KRDMA,15dk,27.0,27.0,hedef,hedef,2.97,2.97,PASS,,6.9,2.97
2026-01-26,TRILC,15dk,2.83978258,2.8398,hedef,hedef,2.97,2.97,PASS,,7.2,2.97
2026-01-26,TUREX,15dk,7.8,7.8,gun_sonu,gun_sonu,-1.44,-1.44,PASS,,10.0,-1.44
2026-01-27,BAKAB,15dk,45.48,45.48,hedef,hedef,2.97,2.97,PASS,,13.1,2.97
2026-01-27,SANFM,15dk,7.97,7.97,stop,stop,-3.03,-3.03,PASS,,24.7,-3.03
2026-01-28,ALVES,15dk,4.15,4.15,gun_sonu,gun_sonu,2.62,2.62,PASS,,15.1,2.62
2026-01-28,ATLAS,15dk,6.78,6.78,hedef,hedef,2.97,2.97,PASS,,7.2,2.97
2026-01-28,ESCAR,15dk,25.0,25.0,hedef,hedef,2.97,2.97,PASS,,10.3,2.97
2026-01-28,TUREX,15dk,8.28,8.28,stop,stop,-3.03,-3.03,PASS,,5.3,-3.03
2026-01-29,BIGEN,15dk,9.62,9.62,gun_sonu,gun_sonu,-2.42,-2.42,PASS,,7.3,-2.42
2026-01-29,ERBOS,15dk,215.0,215.0,gun_sonu,gun_sonu,-1.01,-1.01,PASS,,10.8,-1.01
2026-01-29,ISFIN,15dk,21.0,21.0,gun_sonu,gun_sonu,1.21,1.21,PASS,,51.2,1.21
2026-01-30,GATEG,1dk,372.0,372.0,stop,stop,-3.03,-3.03,PASS,,64.2,-3.03
2026-01-30,GENIL,15dk,8.6599134,8.6599,hedef,hedef,2.97,2.97,PASS,,51.1,2.97
2026-02-02,AKFYE,15dk,18.75,18.75,hedef,hedef,2.97,2.97,PASS,,9.8,2.97
2026-02-02,BYDNR,15dk,34.02,34.02,hedef,hedef,2.97,2.97,PASS,,5.3,2.97
2026-02-02,GENIL,15dk,8.3865828,8.3866,gun_sonu,gun_sonu,-1.54,-1.54,PASS,,14.7,-1.54
2026-02-02,HUNER,15dk,3.2,3.2,hedef,hedef,2.97,2.97,PASS,,7.5,2.97
2026-02-02,TEZOL,15dk,12.79,12.79,gun_sonu,gun_sonu,0.36,0.36,PASS,,6.5,0.36
2026-02-03,DERHL,15dk,15.72,15.72,hedef,hedef,2.97,2.97,PASS,,11.1,2.97
2026-02-03,TRCAS,15dk,48.32,48.32,hedef,hedef,2.97,2.97,PASS,,8.6,2.97
2026-02-04,ACSEL,15dk,101.5,101.5,hedef,hedef,2.97,2.97,PASS,,7.6,2.97
2026-02-04,CMBTN,15dk,1899.0,1899.0,gun_sonu,gun_sonu,-0.03,-0.03,PASS,,5.4,-0.03
2026-02-04,DERHL,15dk,17.3,17.3,hedef,hedef,2.97,2.97,PASS,,7.3,2.97
2026-02-04,ESCAR,15dk,27.0,27.0,gun_sonu,gun_sonu,-1.0,-1.0,PASS,,13.0,-1.0
2026-02-04,RAYSG,15dk,232.0,232.0,stop,stop,-3.03,-3.03,PASS,,10.0,-3.03
2026-02-05,DYOBY,15dk,14.2,14.2,hedef,hedef,2.97,2.97,PASS,,6.2,2.97
2026-02-06,LINK,15dk,5.753601,5.7536,hedef,hedef,2.97,2.97,PASS,,5.4,2.97
2026-02-09,ARENA,15dk,28.0,28.0,gun_sonu,gun_sonu,0.25,0.25,PASS,,34.3,0.25
2026-02-09,BANVT,15dk,168.7,168.7,hedef,hedef,2.97,2.97,PASS,,5.1,2.97
2026-02-09,EBEBK,15dk,62.45,62.45,gun_sonu,gun_sonu,-0.19,-0.19,PASS,,5.8,-0.19
2026-02-09,EMKEL,15dk,22.58,22.58,hedef,hedef,2.97,2.97,PASS,,11.4,2.97
2026-02-09,MERCN,15dk,18.0,18.0,gun_sonu,gun_sonu,2.41,2.41,PASS,,5.8,2.41
2026-02-09,SUWEN,15dk,8.75,8.75,gun_sonu,gun_sonu,-0.83,-0.83,PASS,,17.5,-0.83
2026-02-09,TEKTU,15dk,9.33,9.33,hedef,hedef,2.97,2.97,PASS,,13.7,2.97
2026-02-10,CMBTN,15dk,1971.0,1971.0,hedef,hedef,2.97,2.97,PASS,,5.1,2.97
2026-02-10,MERCN,15dk,18.59,18.59,hedef,hedef,2.97,2.97,PASS,,6.0,2.97
2026-02-10,TTRAK,15dk,580.5,580.5,stop,stop,-3.03,-3.03,PASS,,6.1,-3.03
2026-02-11,DYOBY,15dk,15.39,15.39,hedef,hedef,2.97,2.97,PASS,,11.9,2.97
2026-02-11,GZNMI,15dk,54.45,54.45,hedef,hedef,2.97,2.97,PASS,,7.8,2.97
2026-02-11,MARKA,15dk,39.64,39.64,stop,stop,-3.03,-3.03,PASS,,11.6,-3.03
2026-02-11,PKENT,15dk,169.9,169.9,hedef,hedef,2.97,2.97,PASS,,40.0,2.97
2026-02-12,ODINE,15dk,345.75,345.75,hedef,hedef,2.97,2.97,PASS,,83.7,2.97
2026-02-12,VSNMD,15dk,94.0,94.0,hedef,hedef,2.97,2.97,PASS,,13.1,2.97
2026-02-13,GEREL,15dk,27.44,27.44,stop,stop,-3.03,-3.03,PASS,,9.0,-3.03
2026-02-13,GZNMI,15dk,57.75,57.75,hedef,hedef,2.97,2.97,PASS,,12.4,2.97
2026-02-13,QUAGR,15dk,3.09,3.09,hedef,hedef,2.97,2.97,PASS,,8.8,2.97
2026-02-13,YAPRK,15dk,14.3571285,14.3571,hedef,hedef,2.97,2.97,PASS,,25.9,2.97
2026-02-16,AKFIS,15dk,25.6,25.6,hedef,hedef,2.97,2.97,PASS,,13.2,2.97
2026-02-16,ALBRK,15dk,10.25,10.25,gun_sonu,gun_sonu,0.26,0.26,PASS,,19.3,0.26
2026-02-16,ASUZU,15dk,67.0,67.0,hedef,hedef,2.97,2.97,PASS,,7.5,2.97
2026-02-16,BIENY,15dk,27.2,27.2,hedef,hedef,2.97,2.97,PASS,,6.7,2.97
2026-02-16,CEOEM,15dk,23.1,23.1,hedef,hedef,2.97,2.97,PASS,,6.7,2.97
2026-02-16,EKGYO,15dk,26.5,26.5,gun_sonu,gun_sonu,-1.77,-1.77,PASS,,5.0,-1.77
2026-02-16,GZNMI,15dk,65.05,65.05,hedef,hedef,2.97,2.97,PASS,,12.1,2.97
2026-02-16,HLGYO,15dk,5.0,5.0,hedef,hedef,2.97,2.97,PASS,,8.0,2.97
2026-02-16,IHLAS,15dk,1.86973426,1.8697,stop,stop,-3.03,-3.03,PASS,,14.3,-3.03
2026-02-16,IHYAY,15dk,1.97,1.97,gun_sonu,gun_sonu,0.98,0.98,PASS,,16.3,0.98
2026-02-16,OZKGY,15dk,16.1,16.1,gun_sonu,gun_sonu,0.84,0.84,PASS,,12.7,0.84
2026-02-16,QUAGR,15dk,3.46,3.46,hedef,hedef,2.97,2.97,PASS,,13.3,2.97
2026-02-16,SANFM,15dk,7.39,7.39,gun_sonu,gun_sonu,0.64,0.64,PASS,,5.3,0.64
2026-02-16,YAPRK,15dk,15.761889,15.7619,stop,stop,-3.03,-3.03,PASS,,22.6,-3.03
2026-02-17,BORLS,15dk,3.08,3.08,hedef,hedef,2.97,2.97,PASS,,5.0,2.97
2026-02-17,HATEK,15dk,17.1,17.1,hedef,hedef,2.97,2.97,PASS,,50.9,2.97
2026-02-17,KAYSE,15dk,5.56,5.56,hedef,hedef,2.97,2.97,PASS,,13.4,2.97
2026-02-18,A1CAP,15dk,18.1,18.1,hedef,hedef,2.97,2.97,PASS,,5.3,2.97
2026-02-18,AKFGY,15dk,3.11,3.11,gun_sonu,gun_sonu,-2.61,-2.61,PASS,,6.7,-2.61
2026-02-18,KBORU,15dk,18.6,18.6,hedef,hedef,2.97,2.97,PASS,,8.1,2.97
2026-02-18,ORGE,15dk,73.8,73.8,hedef,hedef,2.97,2.97,PASS,,5.5,2.97
2026-02-18,OYYAT,15dk,64.25,64.25,stop,stop,-3.03,-3.03,PASS,,13.0,-3.03
2026-02-18,TATGD,15dk,16.8,16.8,hedef,hedef,2.97,2.97,PASS,,21.6,2.97
2026-02-19,AYGAZ,15dk,247.0,247.0,gun_sonu,gun_sonu,1.38,1.38,PASS,,7.2,1.38
2026-02-19,NIBAS,15dk,5.7,5.7,hedef,hedef,2.97,2.97,PASS,,6.1,2.97
2026-02-19,VSNMD,15dk,93.0,93.0,hedef,hedef,2.97,2.97,PASS,,7.9,2.97
2026-02-20,EBEBK,15dk,61.6,61.6,hedef,hedef,2.97,2.97,PASS,,6.5,2.97
2026-02-20,PAMEL,15dk,86.0,86.0,hedef,hedef,2.97,2.97,PASS,,10.9,2.97
2026-02-24,A1CAP,15dk,18.99,18.99,stop,stop,-3.03,-3.03,PASS,,52.8,-3.03
2026-02-24,FENER,15dk,3.22,3.22,gun_sonu,gun_sonu,-2.83,-2.83,PASS,,7.3,-2.83
2026-02-24,HATEK,15dk,16.98,16.98,hedef,hedef,2.97,2.97,PASS,,6.1,2.97
2026-02-24,VAKKO,15dk,82.25,82.25,stop,stop,-3.03,-3.03,PASS,,12.5,-3.03
2026-02-25,ASUZU,15dk,74.3,74.3,stop,stop,-3.03,-3.03,PASS,,8.3,-3.03
2026-02-25,IHAAS,15dk,70.0,70.0,hedef,hedef,2.97,2.97,PASS,,52.9,2.97
2026-02-25,POLTK,15dk,6000.0,6000.0,hedef,hedef,2.97,2.97,PASS,,50.1,2.97
2026-02-25,TKNSA,15dk,21.84,21.84,stop,stop,-3.03,-3.03,PASS,,55.4,-3.03
2026-02-26,DERHL,15dk,16.46,16.46,hedef,hedef,2.97,2.97,PASS,,11.4,2.97
2026-02-26,RAYSG,15dk,238.2,238.2,stop,stop,-3.03,-3.03,PASS,,5.1,-3.03
2026-02-26,SUMAS,1dk,261.5,261.5,hedef,hedef,2.97,2.97,PASS,,7.0,2.97
2026-02-26,YAPRK,15dk,16.27379325,16.2738,stop,stop,-3.03,-3.03,PASS,,6.1,-3.03
2026-02-27,PATEK,15dk,18.6,18.6,hedef,hedef,2.97,2.97,PASS,,5.8,2.97
2026-03-02,ALCAR,15dk,750.0,750.0,hedef,hedef,2.97,2.97,PASS,,9.0,2.97
2026-03-02,ANGEN,15dk,9.8,9.8,hedef,hedef,2.97,2.97,PASS,,13.4,2.97
2026-03-02,AVHOL,15dk,33.8,33.8,hedef,hedef,2.97,2.97,PASS,,14.7,2.97
2026-03-02,BEGYO,15dk,3.96,3.96,hedef,hedef,2.97,2.97,PASS,,9.1,2.97
2026-03-02,BIENY,15dk,20.82,20.82,hedef,hedef,2.97,2.97,PASS,,11.6,2.97
2026-03-02,BIOEN,15dk,14.67,14.67,hedef,hedef,2.97,2.97,PASS,,6.8,2.97
2026-03-02,BORLS,15dk,2.84,2.84,hedef,hedef,2.97,2.97,PASS,,6.1,2.97
2026-03-02,CEOEM,15dk,18.7,18.7,hedef,hedef,2.97,2.97,PASS,,8.2,2.97
2026-03-02,DGGYO,15dk,27.14,27.14,hedef,hedef,2.97,2.97,PASS,,50.2,2.97
2026-03-02,DNISI,15dk,19.17,19.17,hedef,hedef,2.97,2.97,PASS,,27.3,2.97
2026-03-02,DOFER,15dk,29.16,29.16,hedef,hedef,2.97,2.97,PASS,,6.1,2.97
2026-03-02,EGEEN,15dk,6000.0,6000.0,hedef,hedef,2.97,2.97,PASS,,9.6,2.97
2026-03-02,EGSER,15dk,2.81,2.81,hedef,hedef,2.97,2.97,PASS,,8.3,2.97
2026-03-02,EKSUN,15dk,4.9,4.9,hedef,hedef,2.97,2.97,PASS,,7.4,2.97
2026-03-02,ESCAR,15dk,24.5,24.5,hedef,hedef,2.97,2.97,PASS,,5.6,2.97
2026-03-02,FMIZP,15dk,285.0,285.0,gun_sonu,gun_sonu,0.05,0.05,PASS,,7.4,0.05
2026-03-02,GIPTA,15dk,50.8,50.8,hedef,hedef,2.97,2.97,PASS,,7.8,2.97
2026-03-02,IHEVA,15dk,2.07,2.07,hedef,hedef,2.97,2.97,PASS,,15.4,2.97
2026-03-02,INGRM,15dk,354.75,354.75,hedef,hedef,2.97,2.97,PASS,,58.4,2.97
2026-03-02,INVEO,15dk,7.2,7.2,hedef,hedef,2.97,2.97,PASS,,16.7,2.97
2026-03-02,INVES,15dk,208.6,208.6,hedef,hedef,2.97,2.97,PASS,,13.1,2.97
2026-03-02,KFEIN,15dk,8.11,8.11,hedef,hedef,2.97,2.97,PASS,,5.5,2.97
2026-03-02,KMPUR,15dk,13.31,13.31,hedef,hedef,2.97,2.97,PASS,,6.0,2.97
2026-03-02,KOTON,15dk,14.35,14.35,hedef,hedef,2.97,2.97,PASS,,5.4,2.97
2026-03-02,KRDMB,15dk,34.5,34.5,hedef,hedef,2.97,2.97,PASS,,7.2,2.97
2026-03-02,KRTEK,15dk,25.5,25.5,hedef,hedef,2.97,2.97,PASS,,5.4,2.97
2026-03-02,LYDYE,15dk,13100.0,13100.0,hedef,hedef,2.97,2.97,PASS,,6.3,2.97
2026-03-02,MARBL,15dk,11.3,11.3,hedef,hedef,2.97,2.97,PASS,,6.3,2.97
2026-03-02,MERCN,15dk,15.34,15.34,hedef,hedef,2.97,2.97,PASS,,5.0,2.97
2026-03-02,NATEN,15dk,7.26,7.26,hedef,hedef,2.97,2.97,PASS,,5.5,2.97
2026-03-02,ORGE,15dk,65.05,65.05,hedef,hedef,2.97,2.97,PASS,,6.2,2.97
2026-03-02,OTTO,15dk,284.0,284.0,hedef,hedef,2.97,2.97,PASS,,8.3,2.97
2026-03-02,PAMEL,15dk,77.75,77.75,hedef,hedef,2.97,2.97,PASS,,5.6,2.97
2026-03-02,PARSN,15dk,80.0,80.0,hedef,hedef,2.97,2.97,PASS,,20.3,2.97
2026-03-02,PATEK,15dk,18.9,18.9,hedef,hedef,2.97,2.97,PASS,,8.2,2.97
2026-03-02,PENTA,15dk,12.65,12.65,hedef,hedef,2.97,2.97,PASS,,11.5,2.97
2026-03-02,PLTUR,15dk,20.08,20.08,hedef,hedef,2.97,2.97,PASS,,6.8,2.97
2026-03-02,RAYSG,15dk,198.5,198.5,hedef,hedef,2.97,2.97,PASS,,6.5,2.97
2026-03-02,SAMAT,15dk,5.2,5.2,hedef,hedef,2.97,2.97,PASS,,9.6,2.97
2026-03-02,SANFM,15dk,7.01,7.01,hedef,hedef,2.97,2.97,PASS,,7.0,2.97
2026-03-02,SKYMD,15dk,11.27,11.27,hedef,hedef,2.97,2.97,PASS,,20.5,2.97
2026-03-02,SMRVA,15dk,10.245986,10.246,hedef,hedef,2.97,2.97,PASS,,6.7,2.97
2026-03-02,SUNTK,15dk,33.14,33.14,hedef,hedef,2.97,2.97,PASS,,10.8,2.97
2026-03-02,TATEN,15dk,8.16,8.16,hedef,hedef,2.97,2.97,PASS,,6.2,2.97
2026-03-02,TRILC,15dk,2.25310222,2.2531,hedef,hedef,2.97,2.97,PASS,,11.9,2.97
2026-03-02,TUREX,15dk,6.49,6.49,hedef,hedef,2.97,2.97,PASS,,5.4,2.97
2026-03-02,VERTU,15dk,35.26,35.26,hedef,hedef,2.97,2.97,PASS,,7.2,2.97
2026-03-02,VESBE,15dk,7.4,7.4,hedef,hedef,2.97,2.97,PASS,,6.3,2.97
2026-03-02,VRGYO,15dk,2.08,2.08,hedef,hedef,2.97,2.97,PASS,,7.7,2.97
2026-03-02,YAYLA,15dk,23.02,23.02,hedef,hedef,2.97,2.97,PASS,,6.9,2.97
2026-03-03,ADEL,15dk,29.58,29.58,hedef,hedef,2.97,2.97,PASS,,48.5,2.97
2026-03-03,BANVT,15dk,154.9,154.9,hedef,hedef,2.97,2.97,PASS,,5.2,2.97
2026-03-03,DESPC,15dk,42.32,42.32,hedef,hedef,2.97,2.97,PASS,,59.6,2.97
2026-03-03,INVES,15dk,257.5,257.5,hedef,hedef,2.97,2.97,PASS,,59.5,2.97
2026-03-03,NTGAZ,15dk,13.0,13.0,hedef,hedef,2.97,2.97,PASS,,5.1,2.97
2026-03-03,SDTTR,15dk,282.0,282.0,stop,stop,-3.03,-3.03,PASS,,9.4,-3.03
2026-03-04,AVTUR,15dk,21.2,21.2,hedef,hedef,2.97,2.97,PASS,,7.1,2.97
2026-03-04,INVES,15dk,285.0,285.0,hedef,hedef,2.97,2.97,PASS,,18.6,2.97
2026-03-05,BIENY,15dk,24.06,24.06,hedef,hedef,2.97,2.97,PASS,,8.2,2.97
2026-03-05,BORLS,15dk,3.53,3.53,stop,stop,-3.03,-3.03,PASS,,22.2,-3.03
2026-03-05,GZNMI,15dk,60.55,60.55,gun_sonu,gun_sonu,1.45,1.45,PASS,,10.4,1.45
2026-03-05,INVES,15dk,303.0,303.0,hedef,hedef,2.97,2.97,PASS,,5.8,2.97
2026-03-05,KRDMB,15dk,36.6,36.6,hedef,hedef,2.97,2.97,PASS,,37.6,2.97
2026-03-05,PKENT,15dk,163.0,163.0,hedef,hedef,2.97,2.97,PASS,,9.4,2.97
2026-03-05,QUAGR,15dk,2.99,2.99,hedef,hedef,2.97,2.97,PASS,,12.6,2.97
2026-03-06,BIOEN,15dk,16.55,16.55,gun_sonu,gun_sonu,2.63,2.63,PASS,,7.8,2.63
2026-03-06,QUAGR,15dk,3.2,3.2,stop,stop,-3.03,-3.03,PASS,,9.7,-3.03
2026-03-09,AZTEK,15dk,4.06,4.06,hedef,hedef,2.97,2.97,PASS,,7.6,2.97
2026-03-09,ESCAR,15dk,26.5,26.5,hedef,hedef,2.97,2.97,PASS,,15.8,2.97
2026-03-09,HATEK,15dk,13.35,13.35,hedef,hedef,2.97,2.97,PASS,,12.2,2.97
2026-03-09,KOTON,15dk,14.31,14.31,gun_sonu,gun_sonu,0.6,0.6,PASS,,5.8,0.6
2026-03-09,KRDMB,15dk,38.5,38.5,hedef,hedef,2.97,2.97,PASS,,26.7,2.97
2026-03-09,TATEN,15dk,9.03,9.03,hedef,hedef,2.97,2.97,PASS,,6.0,2.97
2026-03-10,BFREN,15dk,141.3,141.3,gun_sonu,gun_sonu,2.23,2.23,PASS,,5.5,2.23
2026-03-10,BJKAS,15dk,1.46,1.46,gun_sonu,gun_sonu,1.34,1.34,PASS,,5.3,1.34
2026-03-10,CATES,15dk,45.04,45.04,hedef,hedef,2.97,2.97,PASS,,8.7,2.97
2026-03-10,GIPTA,15dk,60.7,60.7,hedef,hedef,2.97,2.97,PASS,,6.4,2.97
2026-03-10,KRDMB,15dk,39.6,39.6,gun_sonu,gun_sonu,0.47,0.47,PASS,,13.9,0.47
2026-03-10,MARKA,15dk,27.22,27.22,hedef,hedef,2.97,2.97,PASS,,13.5,2.97
2026-03-10,TATEN,15dk,10.65,10.65,gun_sonu,gun_sonu,1.38,1.38,PASS,,17.2,1.38
2026-03-11,KFEIN,15dk,8.9,8.9,gun_sonu,gun_sonu,-1.27,-1.27,PASS,,11.8,-1.27
2026-03-11,LINK,15dk,6.0975,6.0975,stop,stop,-3.03,-3.03,PASS,,15.8,-3.03
2026-03-11,YBTAS,1dk,19.74,19.74,hedef,hedef,2.97,2.97,PASS,,9.7,2.97
2026-03-12,ARASE,15dk,92.45,92.45,stop,stop,-3.03,-3.03,PASS,,7.9,-3.03
2026-03-12,DGNMO,15dk,3.98,3.98,stop,stop,-3.03,-3.03,PASS,,16.2,-3.03
2026-03-12,ELITE,15dk,29.02,29.02,hedef,hedef,2.97,2.97,PASS,,13.0,2.97
2026-03-12,TBORG,15dk,151.1,151.1,hedef,hedef,2.97,2.97,PASS,,32.1,2.97
2026-03-12,YATAS,15dk,49.0,49.0,stop,stop,-3.03,-3.03,PASS,,18.3,-3.03
2026-03-12,YBTAS,1dk,22.9,22.9,gun_sonu,gun_sonu,0.58,0.58,PASS,,22.5,0.58
2026-03-12,YGGYO,15dk,169.0,169.0,hedef,hedef,2.97,2.97,PASS,,5.4,2.97
2026-03-13,ENSRI,15dk,34.14,34.14,hedef,hedef,2.97,2.97,PASS,,5.3,2.97
2026-03-13,TUREX,15dk,7.92,7.92,hedef,hedef,2.97,2.97,PASS,,5.3,2.97
2026-03-16,GIPTA,15dk,69.1,69.1,gun_sonu,gun_sonu,1.92,1.92,PASS,,6.9,1.92
2026-03-16,KRDMB,15dk,47.0,47.0,hedef,hedef,2.97,2.97,PASS,,7.9,2.97
2026-03-16,MARKA,15dk,22.12,22.12,hedef,hedef,2.97,2.97,PASS,,11.8,2.97
2026-03-16,YBTAS,1dk,19.23,19.23,hedef,hedef,2.97,2.97,PASS,,5.8,2.97
2026-03-17,DYOBY,15dk,13.79,13.79,gun_sonu,gun_sonu,-1.92,-1.92,PASS,,7.7,-1.92
2026-03-17,EFOR,15dk,13.92,13.92,gun_sonu,gun_sonu,-0.03,-0.03,PASS,,5.2,-0.03
2026-03-17,KLSER,15dk,25.52,25.52,gun_sonu,gun_sonu,1.38,1.38,PASS,,7.1,1.38
2026-03-18,DMRGD,15dk,4.41,4.41,hedef,hedef,2.97,2.97,PASS,,7.4,2.97
2026-03-18,LINK,15dk,6.4,6.4,hedef,hedef,2.97,2.97,PASS,,13.2,2.97
2026-03-18,MARKA,15dk,30.64,30.64,hedef,hedef,2.97,2.97,PASS,,7.7,2.97
2026-03-19,ACSEL,15dk,100.0,100.0,gun_sonu,gun_sonu,2.77,2.77,PASS,,5.8,2.77
2026-03-19,AKENR,15dk,9.67,9.67,gun_sonu,gun_sonu,0.28,0.28,PASS,,7.2,0.28
2026-03-19,AKFIS,15dk,39.3,39.3,hedef,hedef,2.97,2.97,PASS,,47.5,2.97
2026-03-19,AKYHO,15dk,2.63,2.63,hedef,hedef,2.97,2.97,PASS,,5.8,2.97
2026-03-19,ALCAR,15dk,752.5,752.5,gun_sonu,gun_sonu,0.3,0.3,PASS,,6.1,0.3
2026-03-19,ALKLC,15dk,296.0,296.0,hedef,hedef,2.97,2.97,PASS,,22.3,2.97
2026-03-19,ANELE,15dk,13.93,13.93,gun_sonu,gun_sonu,0.61,0.61,PASS,,12.7,0.61
2026-03-19,ANGEN,15dk,10.27,10.27,gun_sonu,gun_sonu,0.65,0.65,PASS,,5.7,0.65
2026-03-19,ARENA,15dk,25.06,25.06,gun_sonu,gun_sonu,-0.83,-0.83,PASS,,15.7,-0.83
2026-03-19,AZTEK,15dk,4.07,4.07,gun_sonu,gun_sonu,0.21,0.21,PASS,,13.4,0.21
2026-03-19,BAHKM,15dk,144.3,144.3,hedef,hedef,2.97,2.97,PASS,,76.4,2.97
2026-03-19,BALSU,15dk,14.18,14.18,gun_sonu,gun_sonu,-0.17,-0.17,PASS,,8.9,-0.17
2026-03-19,BANVT,15dk,155.0,155.0,gun_sonu,gun_sonu,-0.48,-0.48,PASS,,36.5,-0.48
2026-03-19,BAYRK,15dk,4.59,4.59,gun_sonu,gun_sonu,-0.9,-0.9,PASS,,25.8,-0.9
2026-03-19,BEGYO,15dk,4.24,4.24,gun_sonu,gun_sonu,-0.74,-0.74,PASS,,11.8,-0.74
2026-03-19,BFREN,15dk,141.4,141.4,gun_sonu,gun_sonu,0.25,0.25,PASS,,8.7,0.25
2026-03-19,BIENY,15dk,23.14,23.14,gun_sonu,gun_sonu,1.18,1.18,PASS,,5.5,1.18
2026-03-19,BIGEN,15dk,8.71,8.71,gun_sonu,gun_sonu,-0.26,-0.26,PASS,,10.3,-0.26
2026-03-19,BIGTK,15dk,242.4,242.4,hedef,hedef,2.97,2.97,PASS,,118.1,2.97
2026-03-19,BINBN,15dk,160.4,160.4,gun_sonu,gun_sonu,-0.34,-0.34,PASS,,16.0,-0.34
2026-03-19,BOBET,15dk,19.59,19.59,gun_sonu,gun_sonu,-2.02,-2.02,PASS,,111.7,-2.02
2026-03-19,BORLS,15dk,2.87,2.87,gun_sonu,gun_sonu,-1.43,-1.43,PASS,,9.0,-1.43
2026-03-19,BUCIM,15dk,6.11,6.11,gun_sonu,gun_sonu,0.29,0.29,PASS,,5.7,0.29
2026-03-19,CEMTS,15dk,10.38,10.38,gun_sonu,gun_sonu,0.74,0.74,PASS,,6.3,0.74
2026-03-19,CEOEM,15dk,21.52,21.52,gun_sonu,gun_sonu,0.34,0.34,PASS,,19.4,0.34
2026-03-19,CMBTN,15dk,1710.0,1710.0,gun_sonu,gun_sonu,0.61,0.61,PASS,,17.2,0.61
2026-03-19,DCTTR,15dk,8.31,8.31,hedef,hedef,2.97,2.97,PASS,,38.1,2.97
2026-03-19,DERHL,15dk,14.42,14.42,gun_sonu,gun_sonu,0.18,0.18,PASS,,7.8,0.18
2026-03-19,DESPC,15dk,37.74,37.74,hedef,hedef,2.97,2.97,PASS,,5.9,2.97
2026-03-19,DGNMO,15dk,3.88,3.88,gun_sonu,gun_sonu,1.26,1.26,PASS,,16.6,1.26
2026-03-19,DNISI,15dk,19.74,19.74,gun_sonu,gun_sonu,-0.24,-0.24,PASS,,7.7,-0.24
2026-03-19,DSTKF,15dk,1840.0,1840.0,hedef,hedef,2.97,2.97,PASS,,12.3,2.97
2026-03-19,DYOBY,15dk,13.34,13.34,gun_sonu,gun_sonu,-1.98,-1.98,PASS,,29.8,-1.98
2026-03-19,EFOR,15dk,11.28,11.28,gun_sonu,gun_sonu,-0.03,-0.03,PASS,,69.2,-0.03
2026-03-19,EGEEN,15dk,5892.5,5892.5,gun_sonu,gun_sonu,0.43,0.43,PASS,,9.8,0.43
2026-03-19,EGSER,15dk,2.88,2.88,gun_sonu,gun_sonu,1.36,1.36,PASS,,5.8,1.36
2026-03-19,ELITE,15dk,28.36,28.36,gun_sonu,gun_sonu,-0.03,-0.03,PASS,,11.8,-0.03
2026-03-19,EMKEL,15dk,20.28,20.28,hedef,hedef,2.97,2.97,PASS,,321.8,2.97
2026-03-19,ERCB,15dk,51.85,51.85,gun_sonu,gun_sonu,-2.44,-2.44,PASS,,17.2,-2.44
2026-03-19,ESCAR,15dk,30.2,30.2,gun_sonu,gun_sonu,0.23,0.23,PASS,,11.0,0.23
2026-03-19,ESEN,15dk,3.95,3.95,gun_sonu,gun_sonu,0.98,0.98,PASS,,15.2,0.98
2026-03-19,ETILR,15dk,3.87,3.87,gun_sonu,gun_sonu,-0.29,-0.29,PASS,,9.8,-0.29
2026-03-19,FENER,15dk,2.71,2.71,hedef,hedef,2.97,2.97,PASS,,9.5,2.97
2026-03-19,FORMT,15dk,2.87,2.87,hedef,hedef,2.97,2.97,PASS,,55.7,2.97
2026-03-19,FORTE,15dk,97.05,97.05,hedef,hedef,2.97,2.97,PASS,,33.5,2.97
2026-03-19,FZLGY,15dk,16.7,16.7,hedef,hedef,2.97,2.97,PASS,,235.3,2.97
2026-03-19,GIPTA,15dk,70.05,70.05,hedef,hedef,2.97,2.97,PASS,,19.4,2.97
2026-03-19,GOODY,15dk,2.50459696,2.5046,hedef,hedef,2.97,2.97,PASS,,9.4,2.97
2026-03-19,GZNMI,15dk,57.55,57.55,hedef,hedef,2.97,2.97,PASS,,12.7,2.97
2026-03-19,HATEK,15dk,15.4,15.4,gun_sonu,gun_sonu,1.79,1.79,PASS,,8.5,1.79
2026-03-19,HATSN,15dk,37.22,37.22,gun_sonu,gun_sonu,0.18,0.18,PASS,,12.5,0.18
2026-03-19,HTTBT,15dk,37.2,37.2,gun_sonu,gun_sonu,-0.25,-0.25,PASS,,17.2,-0.25
2026-03-19,HUNER,15dk,3.1,3.1,gun_sonu,gun_sonu,-0.03,-0.03,PASS,,23.9,-0.03
2026-03-19,IHLAS,15dk,1.54920839,1.5492,gun_sonu,gun_sonu,-0.03,-0.03,PASS,,7.8,-0.03
2026-03-19,IHYAY,15dk,1.76,1.76,gun_sonu,gun_sonu,-0.6,-0.6,PASS,,13.7,-0.6
2026-03-19,INGRM,15dk,382.75,382.75,gun_sonu,gun_sonu,-0.23,-0.23,PASS,,8.6,-0.23
2026-03-19,ISGSY,15dk,24.9362202,24.9362,hedef,hedef,2.97,2.97,PASS,,16.5,2.97
2026-03-19,ISSEN,15dk,7.17,7.17,gun_sonu,gun_sonu,1.78,1.78,PASS,,6.8,1.78
2026-03-19,JANTS,15dk,16.98,16.98,gun_sonu,gun_sonu,-0.5,-0.5,PASS,,23.1,-0.5
2026-03-19,KARTN,15dk,70.0,70.0,stop,stop,-3.03,-3.03,PASS,,8.2,-3.03
2026-03-19,KFEIN,15dk,8.68,8.68,gun_sonu,gun_sonu,0.08,0.08,PASS,,8.0,0.08
2026-03-19,KLRHO,15dk,118.4,118.4,hedef,hedef,2.97,2.97,PASS,,42.8,2.97
2026-03-19,KLSER,15dk,26.0,26.0,hedef,hedef,2.97,2.97,PASS,,154.7,2.97
2026-03-19,KLSYN,15dk,9.79,9.79,hedef,hedef,2.97,2.97,PASS,,29.0,2.97
2026-03-19,KLYPV,15dk,55.55,55.55,gun_sonu,gun_sonu,1.95,1.95,PASS,,7.0,1.95
2026-03-19,KNFRT,15dk,10.9,10.9,gun_sonu,gun_sonu,-1.13,-1.13,PASS,,14.0,-1.13
2026-03-19,KOTON,15dk,15.1,15.1,gun_sonu,gun_sonu,1.09,1.09,PASS,,14.0,1.09
2026-03-19,KRGYO,15dk,2.75,2.75,gun_sonu,gun_sonu,0.33,0.33,PASS,,20.9,0.33
2026-03-19,KUYAS,15dk,76.45,76.45,hedef,hedef,2.97,2.97,PASS,,11.5,2.97
2026-03-19,LIDER,15dk,96.0,96.0,hedef,hedef,2.97,2.97,PASS,,5.7,2.97
2026-03-19,LINK,15dk,6.42,6.42,stop,stop,-3.03,-3.03,PASS,,49.5,-3.03
2026-03-19,MAKIM,15dk,15.43,15.43,gun_sonu,gun_sonu,-1.52,-1.52,PASS,,13.2,-1.52
2026-03-19,MARMR,15dk,2.54,2.54,hedef,hedef,2.97,2.97,PASS,,233.3,2.97
2026-03-19,MARTI,15dk,1.46,1.46,gun_sonu,gun_sonu,-1.4,-1.4,PASS,,20.6,-1.4
2026-03-19,MEDTR,15dk,28.4,28.4,gun_sonu,gun_sonu,-0.67,-0.67,PASS,,6.8,-0.67
2026-03-19,MERCN,15dk,16.76,16.76,gun_sonu,gun_sonu,1.4,1.4,PASS,,9.0,1.4
2026-03-19,MRSHL,15dk,1397.0,1397.0,gun_sonu,gun_sonu,0.9,0.9,PASS,,14.6,0.9
2026-03-19,NATEN,15dk,7.18,7.18,gun_sonu,gun_sonu,0.11,0.11,PASS,,19.3,0.11
2026-03-19,ONRYT,15dk,58.85,58.85,gun_sonu,gun_sonu,-0.37,-0.37,PASS,,10.1,-0.37
2026-03-19,ORGE,15dk,67.4,67.4,gun_sonu,gun_sonu,0.12,0.12,PASS,,7.8,0.12
2026-03-19,OSMEN,15dk,7.44,7.44,gun_sonu,gun_sonu,0.1,0.1,PASS,,29.5,0.1
2026-03-19,OSTIM,15dk,2.0666644,2.0667,gun_sonu,gun_sonu,-0.03,-0.03,PASS,,10.3,-0.03
2026-03-19,OTTO,15dk,304.0,304.0,gun_sonu,gun_sonu,2.6,2.6,PASS,,8.3,2.6
2026-03-19,PAGYO,15dk,102.1,102.1,hedef,hedef,2.97,2.97,PASS,,10.5,2.97
2026-03-19,PAMEL,15dk,81.4,81.4,gun_sonu,gun_sonu,0.83,0.83,PASS,,15.2,0.83
2026-03-19,PAPIL,15dk,16.08,16.08,gun_sonu,gun_sonu,-2.02,-2.02,PASS,,14.6,-2.02
2026-03-19,PATEK,15dk,17.68,17.68,gun_sonu,gun_sonu,-0.77,-0.77,PASS,,12.9,-0.77
2026-03-19,PKENT,15dk,155.6,155.6,gun_sonu,gun_sonu,-0.68,-0.68,PASS,,13.6,-0.68
2026-03-19,POLTK,15dk,5050.0,5050.0,gun_sonu,gun_sonu,-1.07,-1.07,PASS,,5.7,-1.07
2026-03-19,QUAGR,15dk,3.05,3.05,gun_sonu,gun_sonu,2.26,2.26,PASS,,9.9,2.26
2026-03-19,RAYSG,15dk,199.8,199.8,gun_sonu,gun_sonu,0.57,0.57,PASS,,13.2,0.57
2026-03-19,SANFM,15dk,7.04,7.04,gun_sonu,gun_sonu,-1.03,-1.03,PASS,,12.0,-1.03
2026-03-19,SEGMN,15dk,55.4,55.4,hedef,hedef,2.97,2.97,PASS,,93.4,2.97
2026-03-19,SERNT,15dk,8.04,8.04,stop,stop,-3.03,-3.03,PASS,,22.6,-3.03
2026-03-19,SMRVA,15dk,11.868431,11.8684,gun_sonu,gun_sonu,0.3,0.3,PASS,,45.1,0.3
2026-03-19,SNICA,15dk,3.8,3.8,gun_sonu,gun_sonu,0.49,0.49,PASS,,8.3,0.49
2026-03-19,SUWEN,15dk,9.11,9.11,gun_sonu,gun_sonu,-1.24,-1.24,PASS,,10.6,-1.24
2026-03-19,TBORG,15dk,149.1,149.1,gun_sonu,gun_sonu,0.17,0.17,PASS,,5.3,0.17
2026-03-19,TEKTU,15dk,8.89,8.89,gun_sonu,gun_sonu,-0.26,-0.26,PASS,,17.5,-0.26
2026-03-19,TKNSA,15dk,22.02,22.02,gun_sonu,gun_sonu,0.6,0.6,PASS,,5.1,0.6
2026-03-19,TRILC,15dk,2.47934864,2.4793,gun_sonu,gun_sonu,-0.03,-0.03,PASS,,5.4,-0.03
2026-03-19,TTRAK,15dk,457.0,457.0,gun_sonu,gun_sonu,0.35,0.35,PASS,,15.0,0.35
2026-03-19,TUCLK,15dk,4.49,4.49,hedef,hedef,2.97,2.97,PASS,,34.5,2.97
2026-03-19,TUKAS,15dk,2.33,2.33,gun_sonu,gun_sonu,-0.03,-0.03,PASS,,8.6,-0.03
2026-03-19,TUREX,15dk,7.71,7.71,stop,stop,-3.03,-3.03,PASS,,50.9,-3.03
2026-03-19,TURGG,15dk,27.78,27.78,hedef,hedef,2.97,2.97,PASS,,14.6,2.97
2026-03-19,USAK,15dk,1.63,1.63,gun_sonu,gun_sonu,-0.03,-0.03,PASS,,16.3,-0.03
2026-03-19,VESBE,15dk,7.31,7.31,gun_sonu,gun_sonu,-2.63,-2.63,PASS,,12.1,-2.63
2026-03-19,VKING,15dk,26.36,26.36,gun_sonu,gun_sonu,-2.01,-2.01,PASS,,66.6,-2.01
2026-03-19,VSNMD,15dk,77.0,77.0,gun_sonu,gun_sonu,0.42,0.42,PASS,,10.4,0.42
2026-03-19,YAYLA,15dk,23.94,23.94,gun_sonu,gun_sonu,-1.29,-1.29,PASS,,40.7,-1.29
2026-03-19,YESIL,15dk,1.57,1.57,stop,stop,-3.03,-3.03,PASS,,94.3,-3.03
2026-03-19,YIGIT,15dk,22.5,22.5,gun_sonu,gun_sonu,-0.66,-0.66,PASS,,10.4,-0.66
2026-03-23,EFOR,15dk,10.16,10.16,gun_sonu,gun_sonu,-0.03,-0.03,PASS,,7.5,-0.03
2026-03-25,EFOR,15dk,8.4,8.4,hedef,hedef,2.97,2.97,PASS,,26.3,2.97
2026-03-25,YYAPI,1dk,1.13,1.13,hedef,hedef,2.97,2.97,PASS,,23.4,2.97
2026-03-26,GOODY,15dk,2.63426758,2.6343,hedef,hedef,2.97,2.97,PASS,,11.6,2.97
2026-03-26,RUBNS,15dk,40.46,40.46,hedef,hedef,2.97,2.97,PASS,,11.5,2.97
2026-03-27,HATSN,15dk,38.6,38.6,stop,stop,-3.03,-3.03,PASS,,7.6,-3.03
2026-03-31,AYEN,15dk,32.12,32.12,hedef,hedef,2.97,2.97,PASS,,11.7,2.97
2026-03-31,MOBTL,15dk,12.0,12.0,stop,stop,-3.03,-3.03,PASS,,7.4,-3.03
2026-04-01,ADEL,15dk,41.5,41.5,hedef,hedef,2.97,2.97,PASS,,5.7,2.97
2026-04-01,RUBNS,15dk,43.5,43.5,hedef,hedef,2.97,2.97,PASS,,10.8,2.97
2026-04-01,VKING,15dk,26.98,26.98,stop,stop,-3.03,-3.03,PASS,,5.0,-3.03
2026-04-02,BEGYO,15dk,4.62,4.62,hedef,hedef,2.97,2.97,PASS,,9.1,2.97
2026-04-02,KNFRT,15dk,10.69,10.69,gun_sonu,gun_sonu,-0.59,-0.59,PASS,,5.2,-0.59
2026-04-02,MARTI,15dk,1.54,1.54,hedef,hedef,2.97,2.97,PASS,,5.4,2.97
2026-04-02,QUAGR,15dk,3.24,3.24,hedef,hedef,2.97,2.97,PASS,,5.2,2.97
2026-04-02,SMRVA,15dk,12.38958,12.3896,hedef,hedef,2.97,2.97,PASS,,7.6,2.97
2026-04-02,TSGYO,15dk,6.33,6.33,hedef,hedef,2.97,2.97,PASS,,26.8,2.97
2026-04-03,BORLS,15dk,3.25,3.25,stop,stop,-3.03,-3.03,PASS,,9.0,-3.03
2026-04-03,ERCB,15dk,57.9,57.9,hedef,hedef,2.97,2.97,PASS,,8.2,2.97
2026-04-03,FADE,15dk,17.4,17.4,hedef,hedef,2.97,2.97,PASS,,8.1,2.97
2026-04-03,TURGG,15dk,29.08,29.08,gun_sonu,gun_sonu,0.04,0.04,PASS,,9.1,0.04
2026-04-07,CEOEM,15dk,23.08,23.08,gun_sonu,gun_sonu,0.66,0.66,PASS,,5.7,0.66
2026-04-07,POLHO,15dk,25.02,25.02,stop,stop,-3.03,-3.03,PASS,,5.8,-3.03
2026-04-08,LKMNH,15dk,15.02,15.02,gun_sonu,gun_sonu,1.83,1.83,PASS,,7.3,1.83
2026-04-08,RGYAS,15dk,175.4,175.4,stop,stop,-3.03,-3.03,PASS,,5.8,-3.03
2026-04-08,SNICA,15dk,3.93,3.93,gun_sonu,gun_sonu,-0.29,-0.29,PASS,,7.0,-0.29
2026-04-09,VRGYO,15dk,2.3,2.3,hedef,hedef,2.97,2.97,PASS,,5.7,2.97
2026-04-10,BORLS,15dk,3.93,3.93,gun_sonu,gun_sonu,1.49,1.49,PASS,,13.6,1.49
2026-04-13,ALCAR,15dk,740.0,740.0,gun_sonu,gun_sonu,0.98,0.98,PASS,,5.3,0.98
2026-04-13,OZATD,15dk,260.0,260.0,stop,stop,-3.03,-3.03,PASS,,22.5,-3.03
2026-04-13,SMRVA,15dk,15.53614,15.5361,hedef,hedef,2.97,2.97,PASS,,6.0,2.97
2026-04-13,TMPOL,15dk,600.0,600.0,hedef,hedef,2.97,2.97,PASS,,13.4,2.97
2026-04-14,GEREL,15dk,35.76,35.76,hedef,hedef,2.97,2.97,PASS,,7.4,2.97
2026-04-15,ARENA,15dk,28.64,28.64,stop,stop,-3.03,-3.03,PASS,,15.8,-3.03
2026-04-15,GENTS,15dk,6.89,6.89,hedef,hedef,2.97,2.97,PASS,,31.7,2.97
2026-04-15,OZATD,15dk,280.0,280.0,hedef,hedef,2.97,2.97,PASS,,9.4,2.97
2026-04-15,SNPAM,1dk,20.06,20.06,hedef,hedef,2.97,2.97,PASS,,6.0,2.97
2026-04-15,VSNMD,15dk,91.6,91.6,hedef,hedef,2.97,2.97,PASS,,11.4,2.97
2026-04-16,ADESE,15dk,1.13,1.13,hedef,hedef,2.97,2.97,PASS,,8.7,2.97
2026-04-16,SMRVA,15dk,20.511638,20.5116,hedef,hedef,2.97,2.97,PASS,,6.5,2.97
2026-04-16,SUWEN,15dk,9.4,9.4,hedef,hedef,2.97,2.97,PASS,,5.4,2.97
2026-04-16,VSNMD,15dk,102.1,102.1,hedef,hedef,2.97,2.97,PASS,,30.3,2.97
2026-04-17,MERCN,15dk,19.76,19.76,hedef,hedef,2.97,2.97,PASS,,16.5,2.97
2026-04-20,AKCNS,15dk,223.0,223.0,stop,stop,-3.03,-3.03,PASS,,35.5,-3.03
2026-04-20,AKYHO,15dk,2.69,2.69,hedef,hedef,2.97,2.97,PASS,,7.2,2.97
2026-04-20,ALCAR,15dk,807.5,807.5,gun_sonu,gun_sonu,0.09,0.09,PASS,,9.9,0.09
2026-04-20,BANVT,15dk,162.0,162.0,hedef,hedef,2.97,2.97,PASS,,9.9,2.97
2026-04-20,CRFSA,15dk,200.0,200.0,stop,stop,-3.03,-3.03,PASS,,10.3,-3.03
2026-04-20,DURDO,15dk,4.6,4.6,hedef,hedef,2.97,2.97,PASS,,15.4,2.97
2026-04-20,ELITE,15dk,30.46,30.46,hedef,hedef,2.97,2.97,PASS,,7.4,2.97
2026-04-20,FENER,15dk,2.9,2.9,gun_sonu,gun_sonu,-0.38,-0.38,PASS,,18.9,-0.38
2026-04-20,HATEK,15dk,16.55,16.55,stop,stop,-3.03,-3.03,PASS,,10.4,-3.03
2026-04-20,IZFAS,15dk,70.55,70.55,stop,stop,-3.03,-3.03,PASS,,7.7,-3.03
2026-04-20,KLRHO,15dk,121.8,121.8,hedef,hedef,2.97,2.97,PASS,,5.0,2.97
2026-04-20,KRGYO,15dk,2.91,2.91,gun_sonu,gun_sonu,-1.41,-1.41,PASS,,11.0,-1.41
2026-04-20,MEGAP,1dk,2.86,2.86,hedef,hedef,2.97,2.97,PASS,,5.3,2.97
2026-04-20,PAPIL,15dk,18.5,18.5,stop,stop,-3.03,-3.03,PASS,,11.4,-3.03
2026-04-20,PRDGS,15dk,8.18,8.18,gun_sonu,gun_sonu,1.68,1.68,PASS,,20.1,1.68
2026-04-20,SKYLP,15dk,328.25,328.25,hedef,hedef,2.97,2.97,PASS,,5.4,2.97
2026-04-21,KARTN,15dk,101.0,101.0,stop,stop,-3.03,-3.03,PASS,,7.5,-3.03
2026-04-21,TCKRC,15dk,104.5,104.5,hedef,hedef,2.97,2.97,PASS,,7.4,2.97
2026-04-21,ULUSE,15dk,247.6,247.6,hedef,hedef,2.97,2.97,PASS,,6.8,2.97
2026-04-22,ESEN,15dk,4.9,4.9,hedef,hedef,2.97,2.97,PASS,,29.5,2.97
2026-04-22,PKART,15dk,100.0,100.0,hedef,hedef,2.97,2.97,PASS,,14.2,2.97
2026-04-22,SAMAT,15dk,5.74,5.74,stop,stop,-3.03,-3.03,PASS,,8.7,-3.03
2026-04-24,HOROZ,15dk,73.0,73.0,hedef,hedef,2.97,2.97,PASS,,50.3,2.97
2026-04-24,SEKUR,15dk,8.34,8.34,hedef,hedef,2.97,2.97,PASS,,6.0,2.97
2026-04-27,MEGMT,15dk,81.5,81.5,hedef,hedef,2.97,2.97,PASS,,5.6,2.97
2026-04-27,YESIL,15dk,1.71,1.71,hedef,hedef,2.97,2.97,PASS,,11.0,2.97
2026-04-28,KRDMB,15dk,78.0,78.0,hedef,hedef,2.97,2.97,PASS,,9.0,2.97
2026-04-29,ARASE,15dk,111.1,111.1,stop,stop,-3.03,-3.03,PASS,,9.6,-3.03
2026-04-29,BIENY,15dk,22.3,22.3,hedef,hedef,2.97,2.97,PASS,,10.7,2.97
2026-04-29,GWIND,15dk,29.98,29.98,hedef,hedef,2.97,2.97,PASS,,9.2,2.97
2026-04-29,GZNMI,15dk,64.6,64.6,hedef,hedef,2.97,2.97,PASS,,6.6,2.97
2026-04-29,ISDMR,15dk,45.0,45.0,hedef,hedef,2.97,2.97,PASS,,7.2,2.97
2026-04-30,A1YEN,15dk,3.43934584,3.4393,gun_sonu,gun_sonu,1.14,1.14,PASS,,11.5,1.14
2026-04-30,MANAS,15dk,29.6,29.6,stop,stop,-3.03,-3.03,PASS,,13.3,-3.03
2026-05-04,ALGYO,15dk,6.55,6.55,hedef,hedef,2.97,2.97,PASS,,11.2,2.97
2026-05-04,DESPC,15dk,40.52,40.52,hedef,hedef,2.97,2.97,PASS,,12.2,2.97
2026-05-04,VESBE,15dk,7.15,7.15,stop,stop,-3.03,-3.03,PASS,,6.1,-3.03
2026-05-05,ACSEL,15dk,133.0,133.0,hedef,hedef,2.97,2.97,PASS,,23.0,2.97
2026-05-05,CELHA,15dk,14.7,14.7,hedef,hedef,2.97,2.97,PASS,,5.3,2.97
2026-05-05,HURGZ,15dk,8.99,8.99,hedef,hedef,2.97,2.97,PASS,,5.5,2.97
2026-05-05,KGYO,15dk,11.9,11.9,hedef,hedef,2.97,2.97,PASS,,16.1,2.97
2026-05-05,LINK,15dk,6.27,6.27,hedef,hedef,2.97,2.97,PASS,,18.4,2.97
2026-05-05,NTGAZ,15dk,13.39,13.39,hedef,hedef,2.97,2.97,PASS,,34.3,2.97
2026-05-06,IHYAY,15dk,1.83,1.83,gun_sonu,gun_sonu,1.61,1.61,PASS,,9.0,1.61
2026-05-06,MEGMT,15dk,85.8,85.8,gun_sonu,gun_sonu,-0.73,-0.73,PASS,,5.0,-0.73
2026-05-06,TATGD,15dk,19.24,19.24,gun_sonu,gun_sonu,2.93,2.93,PASS,,20.9,2.93
2026-05-07,GEDZA,15dk,34.48,34.48,stop,stop,-3.03,-3.03,PASS,,14.6,-3.03
2026-05-07,MERKO,15dk,2.45,2.45,hedef,hedef,2.97,2.97,PASS,,18.5,2.97
2026-05-07,PAGYO,15dk,141.2,141.2,hedef,hedef,2.97,2.97,PASS,,9.0,2.97
2026-05-07,RGYAS,15dk,195.0,195.0,stop,stop,-3.03,-3.03,PASS,,7.3,-3.03
2026-05-07,SURGY,15dk,75.2,75.2,hedef,hedef,2.97,2.97,PASS,,15.2,2.97
2026-05-08,PAGYO,15dk,142.7,142.7,hedef,hedef,2.97,2.97,PASS,,6.8,2.97
2026-05-11,ANGEN,15dk,14.13,14.13,hedef,hedef,2.97,2.97,PASS,,32.4,2.97
2026-05-11,BIGTK,15dk,215.0,215.0,stop,stop,-3.03,-3.03,PASS,,6.0,-3.03
2026-05-11,BIZIM,15dk,35.0,35.0,hedef,hedef,2.97,2.97,PASS,,31.9,2.97
2026-05-11,BVSAN,15dk,157.9,157.9,stop,stop,-3.03,-3.03,PASS,,14.2,-3.03
2026-05-11,FONET,15dk,6.0,6.0,hedef,hedef,2.97,2.97,PASS,,10.7,2.97
2026-05-11,KRDMB,15dk,92.5,92.5,hedef,hedef,2.97,2.97,PASS,,15.0,2.97
2026-05-11,OZSUB,15dk,30.2,30.2,gun_sonu,gun_sonu,-0.7,-0.7,PASS,,7.9,-0.7
2026-05-11,TBORG,15dk,151.2,151.2,gun_sonu,gun_sonu,-1.88,-1.88,PASS,,7.6,-1.88
2026-05-11,ZEDUR,15dk,11.3,11.3,hedef,hedef,2.97,2.97,PASS,,21.2,2.97
2026-05-12,A1YEN,15dk,3.99,3.99,hedef,hedef,2.97,2.97,PASS,,5.8,2.97
2026-05-12,ARASE,15dk,114.8,114.8,hedef,hedef,2.97,2.97,PASS,,19.4,2.97
2026-05-12,BALSU,15dk,15.2,15.2,gun_sonu,gun_sonu,-1.88,-1.88,PASS,,5.5,-1.88
2026-05-12,BIGTK,15dk,228.0,228.0,gun_sonu,gun_sonu,2.07,2.07,PASS,,17.3,2.07
2026-05-12,ERBOS,15dk,217.9,217.9,hedef,hedef,2.97,2.97,PASS,,17.0,2.97
2026-05-12,ESEN,15dk,4.17,4.17,hedef,hedef,2.97,2.97,PASS,,8.0,2.97
2026-05-12,KORDS,15dk,73.0,73.0,hedef,hedef,2.97,2.97,PASS,,7.3,2.97
2026-05-12,KRVGD,15dk,3.35,3.35,stop,stop,-3.03,-3.03,PASS,,15.9,-3.03
2026-05-12,RTALB,15dk,4.78,4.78,stop,stop,-3.03,-3.03,PASS,,9.0,-3.03
2026-05-12,TBORG,15dk,141.4,141.4,gun_sonu,gun_sonu,0.18,0.18,PASS,,16.2,0.18
2026-05-12,TCKRC,15dk,118.0,118.0,hedef,hedef,2.97,2.97,PASS,,5.2,2.97
2026-05-13,AKENR,15dk,13.85,13.85,hedef,hedef,2.97,2.97,PASS,,7.0,2.97
2026-05-13,ATATP,15dk,193.7,193.7,hedef,hedef,2.97,2.97,PASS,,8.6,2.97
2026-05-13,BAKAB,15dk,50.5,50.5,stop,stop,-3.03,-3.03,PASS,,13.2,-3.03
2026-05-13,BIGTK,15dk,238.6,238.6,stop,stop,-3.03,-3.03,PASS,,10.7,-3.03
2026-05-13,RGYAS,15dk,173.0,173.0,hedef,hedef,2.97,2.97,PASS,,13.3,2.97
2026-05-13,ULUSE,15dk,266.25,266.25,hedef,hedef,2.97,2.97,PASS,,8.7,2.97
2026-05-14,ALCAR,15dk,771.5,771.5,gun_sonu,gun_sonu,0.68,0.68,PASS,,32.9,0.68
2026-05-14,BRLSM,15dk,18.1,18.1,hedef,hedef,2.97,2.97,PASS,,50.5,2.97
2026-05-14,KRDMB,15dk,94.5,94.5,hedef,hedef,2.97,2.97,PASS,,11.9,2.97
2026-05-15,FORMT,15dk,2.6,2.6,gun_sonu,gun_sonu,-1.57,-1.57,PASS,,5.1,-1.57
2026-05-15,GARFA,1dk,33.5,33.5,hedef,hedef,2.97,2.97,PASS,,5.3,2.97
2026-05-18,DUNYH,15dk,144.2,144.2,hedef,hedef,2.97,2.97,PASS,,5.7,2.97
2026-05-18,GARFA,1dk,35.66,35.66,stop,stop,-3.03,-3.03,PASS,,6.8,-3.03
2026-05-18,GSDHO,15dk,6.0,6.0,hedef,hedef,2.97,2.97,PASS,,8.1,2.97
2026-05-18,ISSEN,1dk,10.04,10.04,hedef,hedef,2.97,2.97,PASS,,119.0,2.97
2026-05-18,JANTS,15dk,18.98,18.98,stop,stop,-3.03,-3.03,PASS,,6.5,-3.03
2026-05-20,EKSUN,1dk,7.4,7.4,hedef,hedef,2.97,2.97,PASS,,9.8,2.97
2026-05-20,LKMNH,1dk,15.2,15.2,hedef,hedef,2.97,2.97,PASS,,17.0,2.97
2026-05-21,BAKAB,15dk,52.2,52.2,stop,stop,-3.03,-3.03,PASS,,9.4,-3.03
2026-05-21,BIGTK,15dk,211.5,211.5,hedef,hedef,2.97,2.97,PASS,,56.0,2.97
2026-05-21,DAPGM,1dk,9.77,9.77,hedef,hedef,2.97,2.97,PASS,,6.2,2.97
2026-05-21,VERUS,15dk,571.5,571.5,gun_sonu,gun_sonu,0.23,0.23,PASS,,5.7,0.23
2026-05-21,VRGYO,1dk,2.21,2.21,stop,stop,-3.03,-3.03,PASS,,5.4,-3.03
2026-05-22,ALVES,1dk,2.6,2.6,hedef,hedef,2.97,2.97,PASS,,8.0,2.97
2026-05-22,GUNDG,1dk,1100.0,1100.0,hedef,hedef,2.97,2.97,PASS,,9.2,2.97
2026-05-22,ICBCT,15dk,22.5,22.5,hedef,hedef,2.97,2.97,PASS,,14.2,2.97
2026-05-22,KOPOL,1dk,5.03,5.03,hedef,hedef,2.97,2.97,PASS,,44.1,2.97
2026-05-22,NTHOL,1dk,35.12,35.12,hedef,hedef,2.97,2.97,PASS,,5.6,2.97
2026-05-22,VERTU,15dk,35.02,35.02,hedef,hedef,2.97,2.97,PASS,,6.6,2.97
2026-05-22,VERUS,15dk,573.0,573.0,hedef,hedef,2.97,2.97,PASS,,10.4,2.97
2026-05-22,ZRGYO,15dk,16.78,16.78,hedef,hedef,2.97,2.97,PASS,,6.9,2.97
2026-05-25,CEMTS,1dk,10.35,10.35,hedef,hedef,2.97,2.97,PASS,,6.9,2.97
2026-05-25,DURDO,1dk,5.0,5.0,hedef,hedef,2.97,2.97,PASS,,23.5,2.97
2026-05-26,ADESE,1dk,1.01,1.01,gun_sonu,gun_sonu,2.94,2.94,PASS,,5.2,2.94
2026-05-26,AFYON,1dk,12.69,12.69,gun_sonu,gun_sonu,0.05,0.05,PASS,,13.6,0.05
2026-05-26,AKCNS,15dk,216.8,216.8,hedef,hedef,2.97,2.97,PASS,,40.0,2.97
2026-05-26,ALCAR,15dk,745.0,745.0,gun_sonu,gun_sonu,-2.11,-2.11,PASS,,28.0,-2.11
2026-05-26,ALVES,1dk,2.67,2.67,gun_sonu,gun_sonu,-1.53,-1.53,PASS,,12.6,-1.53
2026-05-26,AYCES,1dk,523.0,523.0,gun_sonu,gun_sonu,-1.28,-1.28,PASS,,15.2,-1.28
2026-05-26,BALSU,15dk,13.41,13.41,gun_sonu,gun_sonu,-0.48,-0.48,PASS,,35.4,-0.48
2026-05-26,BANVT,15dk,150.0,150.0,gun_sonu,gun_sonu,-0.03,-0.03,PASS,,14.8,-0.03
2026-05-26,BARMA,15dk,60.35,60.35,hedef,hedef,2.97,2.97,PASS,,19.0,2.97
2026-05-26,BEGYO,1dk,4.24,4.24,gun_sonu,gun_sonu,0.2,0.2,PASS,,9.2,0.2
2026-05-26,BFREN,1dk,138.9,138.9,gun_sonu,gun_sonu,0.47,0.47,PASS,,22.2,0.47
2026-05-26,BIENY,1dk,24.26,24.26,gun_sonu,gun_sonu,0.79,0.79,PASS,,30.3,0.79
2026-05-26,BIGCH,15dk,6.36,6.36,gun_sonu,gun_sonu,-0.19,-0.19,PASS,,11.6,-0.19
2026-05-26,BIGTK,15dk,222.9,222.9,stop,stop,-3.03,-3.03,PASS,,6.4,-3.03
2026-05-26,BOBET,15dk,18.73,18.73,gun_sonu,gun_sonu,-0.14,-0.14,PASS,,19.2,-0.14
2026-05-26,BUCIM,1dk,6.1,6.1,gun_sonu,gun_sonu,-1.51,-1.51,PASS,,26.5,-1.51
2026-05-26,CELHA,1dk,15.9,15.9,hedef,hedef,2.97,2.97,PASS,,17.9,2.97
2026-05-26,CEMAS,1dk,4.88,4.88,gun_sonu,gun_sonu,-1.47,-1.47,PASS,,18.9,-1.47
2026-05-26,CMBTN,15dk,1608.0,1608.0,gun_sonu,gun_sonu,-0.41,-0.41,PASS,,13.0,-0.41
2026-05-26,CONSE,1dk,2.94,2.94,gun_sonu,gun_sonu,-1.39,-1.39,PASS,,18.5,-1.39
2026-05-26,DAPGM,1dk,9.74,9.74,gun_sonu,gun_sonu,-2.5,-2.5,PASS,,9.4,-2.5
2026-05-26,DENGE,15dk,2.32,2.32,gun_sonu,gun_sonu,-0.46,-0.46,PASS,,11.4,-0.46
2026-05-26,DERHL,15dk,14.41,14.41,gun_sonu,gun_sonu,0.73,0.73,PASS,,13.0,0.73
2026-05-26,DNISI,15dk,19.36,19.36,gun_sonu,gun_sonu,-0.19,-0.19,PASS,,16.7,-0.19
2026-05-26,DOFER,1dk,34.64,34.64,hedef,hedef,2.97,2.97,PASS,,26.1,2.97
2026-05-26,DURDO,1dk,5.21,5.21,hedef,hedef,2.97,2.97,PASS,,45.4,2.97
2026-05-26,EGEEN,1dk,5702.5,5702.5,gun_sonu,gun_sonu,-1.22,-1.22,PASS,,10.7,-1.22
2026-05-26,EKSUN,1dk,8.06,8.06,stop,stop,-3.03,-3.03,PASS,,36.0,-3.03
2026-05-26,EMKEL,15dk,22.26,22.26,gun_sonu,gun_sonu,-1.83,-1.83,PASS,,39.9,-1.83
2026-05-26,ESEN,1dk,3.88,3.88,hedef,hedef,2.97,2.97,PASS,,5.6,2.97
2026-05-26,EYGYO,15dk,2.61,2.61,hedef,hedef,2.97,2.97,PASS,,7.6,2.97
2026-05-26,FORMT,15dk,2.22,2.22,gun_sonu,gun_sonu,1.32,1.32,PASS,,16.0,1.32
2026-05-26,GENTS,1dk,7.33,7.33,gun_sonu,gun_sonu,-0.72,-0.72,PASS,,9.9,-0.72
2026-05-26,GLCVY,1dk,59.3,59.3,gun_sonu,gun_sonu,-1.3,-1.3,PASS,,8.3,-1.3
2026-05-26,GZNMI,1dk,68.2,68.2,stop,stop,-3.03,-3.03,PASS,,53.0,-3.03
2026-05-26,HATEK,15dk,16.33,16.33,gun_sonu,gun_sonu,-0.46,-0.46,PASS,,12.2,-0.46
2026-05-26,HATSN,1dk,53.8,53.8,hedef,hedef,2.97,2.97,PASS,,69.3,2.97
2026-05-26,IHLAS,15dk,1.54920839,1.5492,gun_sonu,gun_sonu,-0.03,-0.03,PASS,,6.0,-0.03
2026-05-26,IHLGM,15dk,2.03,2.03,gun_sonu,gun_sonu,-1.02,-1.02,PASS,,7.9,-1.02
2026-05-26,IHYAY,15dk,1.72,1.72,gun_sonu,gun_sonu,-0.61,-0.61,PASS,,16.7,-0.61
2026-05-26,IMASM,1dk,3.34,3.34,gun_sonu,gun_sonu,-0.63,-0.63,PASS,,13.0,-0.63
2026-05-26,JANTS,15dk,17.53,17.53,gun_sonu,gun_sonu,-1.06,-1.06,PASS,,8.0,-1.06
2026-05-26,KLGYO,1dk,4.85,4.85,gun_sonu,gun_sonu,-0.45,-0.45,PASS,,20.3,-0.45
2026-05-26,KLRHO,1dk,98.0,98.0,stop,stop,-3.03,-3.03,PASS,,24.5,-3.03
2026-05-26,KOTON,15dk,14.83,14.83,gun_sonu,gun_sonu,0.37,0.37,PASS,,7.4,0.37
2026-05-26,KRDMB,1dk,100.0,100.0,hedef,hedef,2.97,2.97,PASS,,13.5,2.97
2026-05-26,KRGYO,15dk,2.72,2.72,gun_sonu,gun_sonu,-0.03,-0.03,PASS,,24.1,-0.03
2026-05-26,KZBGY,15dk,3.15,3.15,hedef,hedef,2.97,2.97,PASS,,22.2,2.97
2026-05-26,LINK,1dk,7.17,7.17,hedef,hedef,2.97,2.97,PASS,,74.0,2.97
2026-05-26,LRSHO,1dk,3.53,3.53,gun_sonu,gun_sonu,0.25,0.25,PASS,,19.2,0.25
2026-05-26,MARMR,15dk,2.65,2.65,gun_sonu,gun_sonu,-1.92,-1.92,PASS,,15.2,-1.92
2026-05-26,MNDRS,1dk,11.5,11.5,gun_sonu,gun_sonu,-0.38,-0.38,PASS,,18.9,-0.38
2026-05-26,MNDTR,1dk,5.78,5.78,gun_sonu,gun_sonu,-0.21,-0.21,PASS,,21.0,-0.21
2026-05-26,MOBTL,1dk,15.12,15.12,hedef,hedef,2.97,2.97,PASS,,49.0,2.97
2026-05-26,NATEN,1dk,6.89,6.89,hedef,hedef,2.97,2.97,PASS,,7.8,2.97
2026-05-26,NTHOL,1dk,37.6,37.6,gun_sonu,gun_sonu,-0.14,-0.14,PASS,,30.5,-0.14
2026-05-26,NUHCM,1dk,223.1,223.1,gun_sonu,gun_sonu,0.82,0.82,PASS,,8.1,0.82
2026-05-26,OSMEN,15dk,7.48,7.48,gun_sonu,gun_sonu,0.5,0.5,PASS,,11.6,0.5
2026-05-26,OSTIM,15dk,1.97777561,1.9778,gun_sonu,gun_sonu,1.09,1.09,PASS,,17.0,1.09
2026-05-26,OTTO,1dk,233.5,233.5,gun_sonu,gun_sonu,-1.53,-1.53,PASS,,29.2,-1.53
2026-05-26,PAPIL,1dk,15.3,15.3,gun_sonu,gun_sonu,-0.1,-0.1,PASS,,14.0,-0.1
2026-05-26,PKENT,15dk,152.1,152.1,gun_sonu,gun_sonu,-0.82,-0.82,PASS,,50.8,-0.82
2026-05-26,POLTK,15dk,5107.5,5107.5,gun_sonu,gun_sonu,-0.87,-0.87,PASS,,30.1,-0.87
2026-05-26,PRKME,15dk,17.51,17.51,gun_sonu,gun_sonu,-0.6,-0.6,PASS,,8.9,-0.6
2026-05-26,QUAGR,1dk,3.92,3.92,stop,stop,-3.03,-3.03,PASS,,47.9,-3.03
2026-05-26,RAYSG,15dk,185.3,185.3,gun_sonu,gun_sonu,1.05,1.05,PASS,,9.9,1.05
2026-05-26,SMRVA,1dk,16.44,16.44,gun_sonu,gun_sonu,-0.88,-0.88,PASS,,19.0,-0.88
2026-05-26,SNGYO,1dk,3.59,3.59,gun_sonu,gun_sonu,-0.03,-0.03,PASS,,9.4,-0.03
2026-05-26,SUNTK,15dk,32.28,32.28,hedef,hedef,2.97,2.97,PASS,,28.3,2.97
2026-05-26,SUWEN,1dk,7.58,7.58,gun_sonu,gun_sonu,0.76,0.76,PASS,,26.3,0.76
2026-05-26,TARKM,1dk,545.0,545.0,hedef,hedef,2.97,2.97,PASS,,37.2,2.97
2026-05-26,TBORG,1dk,138.1,138.1,gun_sonu,gun_sonu,-1.26,-1.26,PASS,,8.6,-1.26
2026-05-26,TDGYO,1dk,14.28,14.28,hedef,hedef,2.97,2.97,PASS,,9.4,2.97
2026-05-26,TKNSA,15dk,20.66,20.66,gun_sonu,gun_sonu,-0.13,-0.13,PASS,,8.8,-0.13
2026-05-26,TMSN,1dk,98.8,98.8,gun_sonu,gun_sonu,-0.08,-0.08,PASS,,16.1,-0.08
2026-05-26,TSGYO,1dk,6.44,6.44,gun_sonu,gun_sonu,-0.5,-0.5,PASS,,8.1,-0.5
2026-05-26,TTRAK,1dk,451.5,451.5,gun_sonu,gun_sonu,-0.53,-0.53,PASS,,11.1,-0.53
2026-05-26,TUCLK,1dk,4.48,4.48,gun_sonu,gun_sonu,-1.15,-1.15,PASS,,71.2,-1.15
2026-05-26,TUKAS,1dk,2.44,2.44,gun_sonu,gun_sonu,-1.26,-1.26,PASS,,10.9,-1.26
2026-05-26,TUREX,15dk,8.31,8.31,gun_sonu,gun_sonu,-0.39,-0.39,PASS,,11.4,-0.39
2026-05-26,UNLU,15dk,13.15,13.15,gun_sonu,gun_sonu,0.12,0.12,PASS,,10.0,0.12
2026-05-26,USAK,1dk,1.59,1.59,gun_sonu,gun_sonu,-0.03,-0.03,PASS,,6.2,-0.03
2026-05-26,VESBE,15dk,6.76,6.76,gun_sonu,gun_sonu,0.11,0.11,PASS,,8.0,0.11
2026-05-26,VKING,1dk,25.86,25.86,gun_sonu,gun_sonu,-0.65,-0.65,PASS,,15.4,-0.65
2026-05-26,VRGYO,1dk,2.18,2.18,gun_sonu,gun_sonu,0.88,0.88,PASS,,8.0,0.88
2026-05-26,VSNMD,15dk,83.0,83.0,stop,stop,-3.03,-3.03,PASS,,94.6,-3.03
2026-05-26,YESIL,1dk,1.51,1.51,hedef,hedef,2.97,2.97,PASS,,38.1,2.97
2026-05-26,ZRGYO,15dk,17.47,17.47,stop,stop,-3.03,-3.03,PASS,,59.0,-3.03
2026-06-02,DERHL,15dk,15.42,15.42,hedef,hedef,2.97,2.97,PASS,,8.1,2.97
2026-06-02,KRVGD,15dk,3.4,3.4,hedef,hedef,2.97,2.97,PASS,,5.4,2.97
2026-06-03,CGCAM,15dk,46.42,46.42,hedef,hedef,2.97,2.97,PASS,,6.6,2.97
2026-06-03,KARTN,15dk,130.3,130.3,hedef,hedef,2.97,2.97,PASS,,7.7,2.97
2026-06-04,TUREX,15dk,9.2,9.2,hedef,hedef,2.97,2.97,PASS,,5.1,2.97
2026-06-05,CMBTN,15dk,1595.0,1595.0,gun_sonu,gun_sonu,0.03,0.03,PASS,,19.5,0.03
2026-06-05,EMKEL,15dk,25.96,25.96,stop,stop,-3.03,-3.03,PASS,,9.8,-3.03
2026-06-05,KRTEK,1dk,24.82,24.82,gun_sonu,gun_sonu,-0.6,-0.6,PASS,,6.5,-0.6
2026-06-08,AKFYE,15dk,26.0,26.0,hedef,hedef,2.97,2.97,PASS,,20.5,2.97
2026-06-08,DERHL,15dk,14.2,14.2,stop,stop,-3.03,-3.03,PASS,,7.5,-3.03
2026-06-08,POLTK,15dk,5270.0,5270.0,stop,stop,-3.03,-3.03,PASS,,9.1,-3.03
2026-06-08,SEKUR,15dk,8.06,8.06,hedef,hedef,2.97,2.97,PASS,,14.9,2.97
2026-06-09,DIRIT,1dk,22.92,22.92,hedef,hedef,2.97,2.97,PASS,,9.2,2.97
2026-06-09,IHLAS,15dk,1.46,1.46,stop,stop,-3.03,-3.03,PASS,,9.1,-3.03
2026-06-09,SEKUR,15dk,8.96,8.96,hedef,hedef,2.97,2.97,PASS,,8.8,2.97
2026-06-10,AYEN,15dk,38.92,38.92,hedef,hedef,2.97,2.97,PASS,,17.7,2.97
2026-06-10,DIRIT,1dk,22.34,22.34,stop,stop,-3.03,-3.03,PASS,,6.5,-3.03
2026-06-11,BARMA,15dk,67.15,67.15,gun_sonu,gun_sonu,1.53,1.53,PASS,,8.9,1.53
2026-06-11,KZBGY,15dk,3.22,3.22,stop,stop,-3.03,-3.03,PASS,,7.3,-3.03
2026-06-11,TRILC,1dk,1.35,1.35,gun_sonu,gun_sonu,-0.03,-0.03,PASS,,18.2,-0.03
2026-06-15,MTRKS,1dk,30.74,30.74,stop,stop,-3.03,-3.03,PASS,,6.0,-3.03
2026-06-15,VBTYZ,1dk,34.94,34.94,stop,stop,-3.03,-3.03,PASS,,9.4,-3.03
2026-06-15,VERUS,15dk,622.0,622.0,hedef,hedef,2.97,2.97,PASS,,7.3,2.97
2026-06-16,DGGYO,1dk,34.54,34.54,hedef,hedef,2.97,2.97,PASS,,7.3,2.97
2026-06-16,EUKYO,1dk,9.8,9.8,hedef,hedef,2.97,2.97,PASS,,8.4,2.97
2026-06-18,BANVT,1dk,162.8,162.8,stop,stop,-3.03,-3.03,PASS,,11.1,-3.03
2026-06-18,IHLAS,1dk,1.22,1.22,hedef,hedef,2.97,2.97,PASS,,6.4,2.97
2026-06-18,YAYLA,15dk,25.64,25.64,hedef,hedef,2.97,2.97,PASS,,11.9,2.97
2026-06-19,BIGCH,1dk,6.79,6.79,hedef,hedef,2.97,2.97,PASS,,1576.1,2.97
2026-06-22,BORLS,1dk,6.65,6.65,hedef,hedef,2.97,2.97,PASS,,9.8,2.97
2026-06-22,ENSRI,1dk,6.8,6.8,hedef,hedef,2.97,2.97,PASS,,17.7,2.97
2026-06-22,IHLAS,1dk,1.23,1.23,hedef,hedef,2.97,2.97,PASS,,6.0,2.97
2026-06-23,IHLAS,1dk,1.37,1.37,hedef,hedef,2.97,2.97,PASS,,9.2,2.97
2026-06-23,IHLGM,1dk,2.07,2.07,hedef,hedef,2.97,2.97,PASS,,12.1,2.97
2026-06-23,IHYAY,1dk,1.86,1.86,hedef,hedef,2.97,2.97,PASS,,6.8,2.97
2026-06-24,BORLS,1dk,7.8,7.8,hedef,hedef,2.97,2.97,PASS,,5.9,2.97
2026-06-24,POLTK,1dk,5097.5,5097.5,gun_sonu,gun_sonu,-1.85,-1.85,PASS,,15.7,-1.85
2026-06-26,ATSYH,1dk,108.0,108.0,hedef,hedef,2.97,2.97,PASS,,5.4,2.97
2026-06-29,BMSCH,1dk,14.98,14.98,gun_sonu,gun_sonu,-1.9,-1.9,PASS,,86.2,-1.9
2026-06-29,FORMT,1dk,2.24,2.24,gun_sonu,gun_sonu,-0.93,-0.93,PASS,,5.3,-0.93
2026-06-29,ISGYO,1dk,27.4,27.4,stop,stop,-3.03,-3.03,PASS,,8.1,-3.03
2026-06-29,KOCMT,1dk,3.32,3.32,gun_sonu,gun_sonu,0.87,0.87,PASS,,6.8,0.87
2026-06-29,KUTPO,1dk,87.5,87.5,gun_sonu,gun_sonu,-0.38,-0.38,PASS,,5.5,-0.38
2026-06-29,VESBE,1dk,6.99,6.99,hedef,hedef,2.97,2.97,PASS,,48.8,2.97
2026-06-29,VSNMD,1dk,101.8,101.8,hedef,hedef,2.97,2.97,PASS,,5.5,2.97
2026-06-30,FORMT,1dk,2.19,2.19,gun_sonu,gun_sonu,-0.03,-0.03,PASS,,12.1,-0.03
2026-06-30,KOCMT,1dk,3.44,3.44,hedef,hedef,2.97,2.97,PASS,,7.5,2.97
2026-06-30,KRONT,1dk,24.0,24.0,hedef,hedef,2.97,2.97,PASS,,18.9,2.97
2026-06-30,PKENT,1dk,146.3,146.3,gun_sonu,gun_sonu,-0.24,-0.24,PASS,,5.6,-0.24
2026-06-30,VESBE,1dk,7.69,7.69,stop,stop,-3.03,-3.03,PASS,,15.4,-3.03
2026-07-01,AKCNS,1dk,231.0,231.0,stop,stop,-3.03,-3.03,PASS,,12.1,-3.03
2026-07-01,AKSUE,1dk,39.1,39.1,hedef,hedef,2.97,2.97,PASS,,8.3,2.97
2026-07-01,AKYHO,1dk,2.46,2.46,gun_sonu,gun_sonu,0.37,0.37,PASS,,5.9,0.37
2026-07-01,ALCAR,1dk,774.0,774.0,hedef,hedef,2.97,2.97,PASS,,6.6,2.97
2026-07-01,BIGTK,1dk,274.5,274.5,hedef,hedef,2.97,2.97,PASS,,8.8,2.97
2026-07-02,KRTEK,1dk,23.44,23.44,gun_sonu,gun_sonu,-2.08,-2.08,PASS,,13.1,-2.08
2026-07-03,AKYHO,1dk,2.63,2.63,stop,stop,-3.03,-3.03,PASS,,9.4,-3.03
2026-07-03,ERCB,1dk,51.95,51.95,stop,stop,-3.03,-3.03,PASS,,17.4,-3.03
2026-07-06,BLUME,1dk,38.2,38.2,hedef,hedef,2.97,2.97,PASS,,5.4,2.97
2026-07-06,EMKEL,1dk,19.86,19.86,hedef,hedef,2.97,2.97,PASS,,6.6,2.97
2026-07-06,JANTS,1dk,17.78,17.78,stop,stop,-3.03,-3.03,PASS,,79.5,-3.03
2026-07-06,MERKO,1dk,1.73,1.73,hedef,hedef,2.97,2.97,PASS,,5.6,2.97
2026-07-06,OZYSR,1dk,13.2,13.2,hedef,hedef,2.97,2.97,PASS,,5.0,2.97
2026-07-06,SUNTK,1dk,29.7,29.7,stop,stop,-3.03,-3.03,PASS,,10.9,-3.03
2026-07-06,TKNSA,1dk,19.46,19.46,gun_sonu,gun_sonu,-0.29,-0.29,PASS,,15.0,-0.29
2026-07-07,DSTKF,1dk,3577.5,3577.5,hedef,hedef,2.97,2.97,PASS,,9.8,2.97
2026-07-08,TERA,1dk,138.0,138.0,hedef,hedef,2.97,2.97,PASS,,44.0,2.97
2026-07-09,ASUZU,1dk,53.9,53.9,gun_sonu,gun_sonu,-1.05,-1.05,PASS,,9.2,-1.05
2026-07-09,EYGYO,1dk,2.38,2.38,gun_sonu,gun_sonu,-0.45,-0.45,PASS,,5.3,-0.45
2026-07-09,JANTS,1dk,18.0,18.0,hedef,hedef,2.97,2.97,PASS,,18.8,2.97
